date,province,hotspot_count,total_frp,temperature_2m_max,temperature_2m_min,precipitation_sum,rain_sum,wind_speed_10m_max,shortwave_radiation_sum,et0_fao_evapotranspiration,relative_humidity_2m_mean,hotspot_count_roll7,hotspot_count_roll14,frp_roll7,rain_cumsum_7d,rain_cumsum_14d,rain_cumsum_30d,consecutive_dry_days,target_hotspot_next_day
2026-01-07,Kalimantan Barat,4.0,20.369999999999997,31.4,23.9,3.7,3.7,10.7,18.83,3.87,86,4.0,4.0,20.369999999999997,3.7,3.7,3.7,0,0.0
2026-01-08,Kalimantan Barat,0.0,0.0,28.9,23.2,26.5,26.5,15.6,13.47,2.65,94,4.0,4.0,20.369999999999997,30.2,30.2,30.2,0,0.0
2026-01-09,Kalimantan Barat,0.0,0.0,29.1,22.8,10.6,10.6,12.4,14.57,2.87,93,4.0,4.0,20.369999999999997,40.8,40.8,40.8,0,0.0
2026-01-10,Kalimantan Barat,0.0,0.0,29.7,22.8,9.6,9.6,16.9,16.29,3.12,92,4.0,4.0,20.369999999999997,50.4,50.4,50.4,0,0.0
2026-01-11,Kalimantan Barat,0.0,0.0,29.7,22.6,5.3,5.3,12.8,18.6,3.59,91,4.0,4.0,20.369999999999997,55.699999999999996,55.699999999999996,55.699999999999996,0,5.0
2026-01-12,Kalimantan Barat,5.0,19.52,30.3,22.8,0.1,0.1,14.7,20.33,4.24,83,9.0,9.0,39.89,55.8,55.8,55.8,1,7.0
2026-01-13,Kalimantan Barat,7.0,35.69,30.9,23.5,1.3,1.3,15.1,20.68,4.33,84,16.0,16.0,75.58,57.1,57.1,57.1,0,11.0
2026-01-14,Kalimantan Barat,11.0,69.41,31.0,23.4,0.2,0.2,12.8,20.75,4.38,83,23.0,27.0,124.62,53.599999999999994,57.3,57.3,1,15.0
2026-01-15,Kalimantan Barat,15.0,115.31,30.0,23.1,0.3,0.3,10.5,15.71,3.37,85,38.0,42.0,239.93,27.4,57.6,57.6,2,49.0
2026-01-16,Kalimantan Barat,49.0,468.78999999999996,31.4,22.2,0.5,0.5,11.8,24.15,4.92,83,87.0,91.0,708.72,17.299999999999997,58.1,58.1,3,40.0
2026-01-17,Kalimantan Barat,40.0,172.49,31.7,21.9,0.0,0.0,11.6,23.61,4.98,79,127.0,131.0,881.21,7.7,58.1,58.1,4,103.0
2026-01-18,Kalimantan Barat,103.0,1236.98,31.0,21.3,0.0,0.0,9.9,24.01,4.88,82,230.0,234.0,2118.19,2.4000000000000004,58.1,58.1,5,80.0
2026-01-19,Kalimantan Barat,80.0,634.8,31.4,21.7,0.0,0.0,11.7,23.3,4.81,82,305.0,314.0,2733.4700000000003,2.3,58.1,58.1,6,57.0
2026-01-20,Kalimantan Barat,57.0,291.24,31.3,21.5,0.0,0.0,10.2,23.87,4.92,82,355.0,371.0,2989.02,1.0,58.1,58.1,7,66.0
2026-01-21,Kalimantan Barat,66.0,355.97,30.6,21.0,0.6,0.6,12.1,21.93,4.59,80,410.0,433.0,3275.58,1.4,54.99999999999999,58.699999999999996,8,140.0
2026-01-22,Kalimantan Barat,140.0,610.37,30.8,21.8,0.0,0.0,13.6,23.25,4.95,79,535.0,573.0,3770.6400000000003,1.1,28.5,58.699999999999996,9,85.0
2026-01-23,Kalimantan Barat,85.0,725.19,31.2,21.5,0.0,0.0,12.7,24.38,5.1,80,571.0,658.0,4027.0400000000004,0.6,17.9,58.699999999999996,10,72.0
2026-01-24,Kalimantan Barat,72.0,646.92,31.5,22.5,0.1,0.1,12.2,23.23,4.86,82,603.0,730.0,4501.47,0.7,8.4,58.8,11,13.0
2026-01-25,Kalimantan Barat,13.0,41.21,30.9,22.2,5.0,5.0,12.0,21.48,4.4,85,513.0,743.0,3305.7,5.7,8.100000000000001,63.8,0,16.0
2026-01-26,Kalimantan Barat,16.0,122.2,32.1,22.5,0.6,0.6,10.8,22.35,4.69,82,449.0,754.0,2793.1,6.3,8.600000000000001,64.4,1,19.0
2026-01-27,Kalimantan Barat,19.0,99.95,31.9,22.7,0.0,0.0,11.1,21.33,4.6,81,411.0,766.0,2601.81,6.3,7.3,64.4,2,17.0
2026-01-28,Kalimantan Barat,17.0,20.83,31.9,23.3,0.3,0.3,9.4,23.3,4.94,81,362.0,772.0,2266.67,6.000000000000001,7.4,64.7,3,110.0
2026-01-29,Kalimantan Barat,110.0,1287.54,32.9,23.3,0.3,0.3,11.6,23.99,5.03,82,332.0,867.0,2943.84,6.300000000000001,7.4,65.0,4,109.0
2026-01-30,Kalimantan Barat,109.0,922.61,33.0,23.1,5.7,5.7,12.0,23.67,5.09,80,356.0,927.0,3141.2599999999998,12.0,12.600000000000001,70.7,0,53.0
2026-01-31,Kalimantan Barat,53.0,533.37,32.2,23.6,1.6,1.6,13.6,17.02,3.69,85,337.0,940.0,3027.71,13.500000000000002,14.200000000000001,72.3,0,99.0
2026-02-01,Kalimantan Barat,99.0,675.26,32.2,23.9,1.3,1.3,12.8,20.29,4.19,87,423.0,936.0,3661.76,9.799999999999999,15.5,73.6,0,31.0
2026-02-02,Kalimantan Barat,31.0,128.86,29.6,23.3,2.6,2.6,14.0,15.34,3.17,88,438.0,887.0,3668.42,11.8,18.1,76.2,0,21.0
2026-02-03,Kalimantan Barat,21.0,263.47,30.8,23.0,7.1,7.1,11.9,18.67,3.69,90,440.0,851.0,3831.94,18.9,25.2,83.3,0,0.0
2026-02-04,Kalimantan Barat,0.0,0.0,25.9,22.8,17.6,17.6,8.8,9.28,1.76,97,423.0,785.0,3811.11,36.2,42.2,100.9,0,1.0
2026-02-05,Kalimantan Barat,1.0,4.85,31.7,23.4,1.3,1.3,12.9,21.65,4.31,89,314.0,646.0,2528.4199999999996,37.2,43.5,102.2,0,2.0
2026-02-06,Kalimantan Barat,2.0,31.65,28.1,23.4,6.1,6.1,12.1,14.4,2.75,94,207.0,563.0,1637.46,37.6,49.6,104.6,0,30.0
2026-02-07,Kalimantan Barat,30.0,156.59,31.1,22.7,0.2,0.2,9.4,23.57,4.73,86,184.0,521.0,1260.68,36.199999999999996,49.699999999999996,78.3,1,31.0
2026-02-08,Kalimantan Barat,31.0,265.79,31.9,22.9,0.1,0.1,11.4,24.83,5.15,81,116.0,539.0,851.21,35.0,44.8,67.8,2,59.0
2026-02-09,Kalimantan Barat,59.0,590.45,31.4,22.2,0.0,0.0,10.7,21.83,4.64,79,144.0,582.0,1312.8000000000002,32.4,44.2,58.2,3,4.0
2026-02-10,Kalimantan Barat,4.0,53.28,29.0,22.8,0.2,0.2,10.1,13.62,2.97,83,127.0,567.0,1102.6100000000001,25.5,44.400000000000006,53.1,4,41.0
2026-02-11,Kalimantan Barat,41.0,566.92,31.9,23.3,0.0,0.0,9.2,20.52,4.45,80,168.0,591.0,1669.53,7.8999999999999995,44.1,53.0,5,2.0
2026-02-12,Kalimantan Barat,2.0,29.7,32.2,23.6,10.7,10.7,10.9,20.48,4.33,85,169.0,483.0,1694.38,17.299999999999997,54.5,62.4,0,12.0
2026-02-13,Kalimantan Barat,12.0,18.25,26.6,23.5,5.4,5.4,11.6,6.54,1.35,96,179.0,386.0,1680.98,16.6,54.2,67.6,0,62.0
2026-02-14,Kalimantan Barat,62.0,758.3100000000001,33.2,23.7,1.9,1.9,10.3,21.85,4.51,86,211.0,395.0,2282.7000000000003,18.3,54.5,69.2,0,72.0
2026-02-15,Kalimantan Barat,72.0,260.75,31.6,23.5,3.2,3.2,8.3,19.87,4.0,90,252.0,368.0,2277.6600000000003,21.4,56.4,71.9,0,62.0
2026-02-16,Kalimantan Barat,62.0,651.45,32.7,23.4,1.0,1.0,6.9,20.54,4.31,85,255.0,399.0,2338.66,22.4,54.8,72.9,0,2.0
2026-02-17,Kalimantan Barat,2.0,18.55,31.5,23.1,30.6,30.6,9.9,16.97,3.36,93,253.0,380.0,2303.9300000000003,52.8,78.3,103.5,0,2.0
2026-02-18,Kalimantan Barat,2.0,2.3,27.0,23.0,24.2,24.2,10.8,8.61,1.7,97,214.0,382.0,1739.3100000000002,77.0,84.9,127.7,0,0.0
2026-02-19,Kalimantan Barat,0.0,0.0,29.8,23.2,17.1,17.1,11.4,12.42,2.54,93,212.0,381.0,1709.6100000000001,83.4,100.70000000000002,144.8,0,1.0
2026-02-20,Kalimantan Barat,1.0,2.35,29.7,22.6,9.8,9.8,10.3,17.24,3.35,94,201.0,380.0,1693.71,87.80000000000001,104.4,154.0,0,0.0
2026-02-21,Kalimantan Barat,0.0,0.0,29.8,23.2,1.4,1.4,9.9,16.04,3.3,89,139.0,350.0,935.4000000000001,87.3,105.6,155.4,0,0.0
2026-02-22,Kalimantan Barat,0.0,0.0,31.6,23.5,0.5,0.5,8.6,19.52,4.12,85,67.0,319.0,674.6500000000001,84.6,106.0,155.9,1,0.0
2026-02-23,Kalimantan Barat,0.0,0.0,30.1,23.6,13.8,13.8,16.0,16.87,3.23,93,5.0,260.0,23.2,97.4,119.80000000000001,169.6,0,0.0
2026-02-24,Kalimantan Barat,0.0,0.0,28.6,23.6,16.0,16.0,8.6,13.12,2.52,97,3.0,256.0,4.65,82.80000000000001,135.6,180.6,0,5.0
2026-02-25,Kalimantan Barat,5.0,16.13,32.1,23.6,4.6,4.6,10.8,21.29,4.45,87,6.0,220.0,18.48,63.2,140.2,184.6,0,7.0
2026-02-26,Kalimantan Barat,7.0,96.31,32.8,23.4,1.3,1.3,11.0,21.18,4.38,87,13.0,225.0,114.79,47.4,130.8,185.9,0,8.0
2026-02-27,Kalimantan Barat,8.0,44.85,31.4,22.9,0.8,0.8,14.1,22.57,4.72,83,20.0,221.0,157.29000000000002,38.4,126.2,186.4,1,97.0
2026-02-28,Kalimantan Barat,97.0,503.43,32.4,22.9,0.0,0.0,12.2,25.26,5.43,79,117.0,256.0,660.72,37.0,124.3,186.1,2,174.0
2026-03-01,Kalimantan Barat,174.0,2697.77,33.4,23.7,0.0,0.0,11.5,24.91,5.46,78,291.0,358.0,3358.49,36.5,121.1,180.4,3,122.0
2026-03-02,Kalimantan Barat,122.0,1513.81,33.9,24.5,0.0,0.0,11.8,23.63,5.32,78,413.0,418.0,4872.3,22.700000000000003,120.1,178.79999999999998,4,82.0
2026-03-03,Kalimantan Barat,82.0,1265.27,33.3,23.9,1.1,1.1,11.8,20.67,4.4,83,495.0,498.0,6137.57,7.800000000000002,90.60000000000001,178.60000000000002,0,105.0
2026-03-04,Kalimantan Barat,105.0,1510.87,32.1,24.2,0.4,0.4,11.9,22.47,4.96,79,595.0,601.0,7632.3099999999995,3.600000000000002,66.8,176.4,1,53.0
2026-03-05,Kalimantan Barat,53.0,1400.78,32.6,24.1,3.1,3.1,12.1,21.73,4.52,85,641.0,654.0,8936.78,5.400000000000002,52.800000000000004,172.4,0,19.0
2026-03-06,Kalimantan Barat,19.0,103.36,31.6,23.2,3.9,3.9,12.8,21.3,4.53,83,652.0,672.0,8995.29,8.500000000000002,46.9,158.7,0,65.0
2026-03-07,Kalimantan Barat,65.0,725.45,32.0,23.7,7.8,7.8,15.5,20.56,4.2,87,620.0,737.0,9217.31,16.3,53.3,165.20000000000002,0,11.0
2026-03-08,Kalimantan Barat,11.0,59.19,32.2,23.0,0.8,0.8,11.4,23.28,4.8,85,457.0,748.0,6578.7300000000005,17.1,53.6,159.9,1,3.0
2026-03-09,Kalimantan Barat,3.0,58.3,31.1,23.2,11.7,11.7,7.7,18.76,3.78,91,338.0,751.0,5123.22,28.8,51.5,171.4,0,0.0
2026-03-10,Kalimantan Barat,0.0,0.0,28.7,22.9,3.5,3.5,9.0,13.71,2.71,94,256.0,751.0,3857.9500000000003,31.2,39.0,174.8,0,0.0
2026-03-11,Kalimantan Barat,0.0,0.0,31.1,22.6,5.2,5.2,11.5,20.79,4.12,91,151.0,746.0,2347.0800000000004,36.0,39.6,180.0,0,3.0
2026-03-12,Kalimantan Barat,3.0,35.2,32.0,23.0,1.5,1.5,10.5,23.63,4.9,83,101.0,742.0,981.5000000000005,34.4,39.800000000000004,181.29999999999998,0,99.0
2026-03-13,Kalimantan Barat,99.0,571.45,33.2,22.3,0.0,0.0,9.7,26.02,5.5,79,181.0,833.0,1449.5900000000006,30.5,39.0,181.29999999999998,1,168.0
2026-03-14,Kalimantan Barat,168.0,2355.23,33.1,23.1,0.0,0.0,8.8,25.17,5.28,80,284.0,904.0,3079.370000000001,22.7,39.0,170.6,2,101.0
2026-03-15,Kalimantan Barat,101.0,1316.73,32.3,23.9,0.8,0.8,11.6,22.37,4.6,86,374.0,831.0,4336.91,22.7,39.8,166.0,3,71.0
2026-03-16,Kalimantan Barat,71.0,296.57,32.3,22.8,2.9,2.9,10.4,22.22,4.59,85,442.0,780.0,4575.18,13.900000000000002,42.7,167.0,0,15.0
2026-03-17,Kalimantan Barat,15.0,81.38,32.5,22.3,12.1,12.1,9.3,19.63,3.92,91,457.0,713.0,4656.56,22.5,53.7,175.9,0,15.0
2026-03-18,Kalimantan Barat,15.0,146.0,32.2,23.1,17.0,17.0,8.3,22.48,4.56,89,472.0,623.0,4802.56,34.3,70.3,191.9,0,17.0
2026-03-19,Kalimantan Barat,17.0,77.8,32.1,23.4,1.2,1.2,7.9,22.61,4.64,86,486.0,587.0,4845.16,34.0,68.4,162.5,0,36.0
2026-03-20,Kalimantan Barat,36.0,190.81,32.1,23.4,0.1,0.1,9.4,22.91,4.79,84,423.0,604.0,4464.52,34.1,64.6,138.4,1,43.0
2026-03-21,Kalimantan Barat,43.0,364.82,33.2,23.5,0.0,0.0,10.3,25.15,5.47,78,298.0,582.0,2474.11,34.1,56.8,121.3,2,99.0
2026-03-22,Kalimantan Barat,99.0,1476.93,32.7,23.3,0.1,0.1,11.8,24.21,5.27,77,296.0,670.0,2634.31,33.4,56.1,111.60000000000001,3,212.0
2026-03-23,Kalimantan Barat,212.0,1520.11,32.4,22.8,0.1,0.1,9.4,23.95,5.12,78,437.0,879.0,3857.8499999999995,30.599999999999998,44.5,110.3,4,333.0
2026-03-24,Kalimantan Barat,333.0,2803.44,32.8,22.9,0.4,0.4,10.1,24.06,5.11,77,755.0,1212.0,6579.91,18.9,41.4,110.2,5,181.0
2026-03-25,Kalimantan Barat,181.0,2019.37,33.5,22.9,0.5,0.5,11.7,24.79,5.53,75,921.0,1393.0,8453.28,2.4,36.699999999999996,96.9,6,339.0
2026-03-26,Kalimantan Barat,339.0,1888.1,34.4,23.2,0.4,0.4,12.1,24.61,5.43,77,1243.0,1729.0,10263.580000000002,1.6,35.599999999999994,81.3,7,82.0
2026-03-27,Kalimantan Barat,82.0,308.78,33.8,23.4,0.5,0.5,8.9,21.76,4.68,80,1289.0,1712.0,10381.55,2.0,36.099999999999994,77.2,8,35.0
2026-03-28,Kalimantan Barat,35.0,343.86,35.0,23.4,3.9,3.9,13.7,20.06,4.18,87,1281.0,1579.0,10360.59,5.9,40.0,79.80000000000001,0,11.0
2026-03-29,Kalimantan Barat,11.0,149.14000000000001,29.7,22.6,11.5,11.5,8.1,15.42,3.07,94,1193.0,1489.0,9032.8,17.3,50.7,90.5,0,8.0
2026-03-30,Kalimantan Barat,8.0,121.78,29.6,23.2,19.2,19.2,11.6,14.41,2.89,94,989.0,1426.0,7634.47,36.4,67.0,109.69999999999999,0,2.0
2026-03-31,Kalimantan Barat,2.0,1.47,32.5,22.7,2.4,2.4,9.4,19.86,4.15,87,658.0,1413.0,4832.5,38.4,57.3,112.1,0,65.0
2026-04-01,Kalimantan Barat,65.0,722.4399999999999,32.6,23.5,4.6,4.6,9.4,22.95,4.74,87,542.0,1463.0,3535.57,42.5,44.9,116.69999999999999,0,0.0
2026-04-02,Kalimantan Barat,0.0,0.0,30.7,23.9,9.6,9.6,6.7,17.07,3.43,93,203.0,1446.0,1647.4700000000003,51.7,53.3,125.2,0,11.0
2026-04-03,Kalimantan Barat,11.0,91.43,32.7,22.7,0.1,0.1,6.9,24.48,5.04,84,132.0,1421.0,1430.1200000000003,51.300000000000004,53.300000000000004,124.89999999999999,1,3.0
2026-04-04,Kalimantan Barat,3.0,123.31,31.6,23.9,12.3,12.3,10.8,19.12,3.83,92,100.0,1381.0,1209.5700000000002,59.7,65.6,134.1,0,9.0
2026-04-05,Kalimantan Barat,9.0,145.27,31.9,23.3,6.7,6.7,7.2,19.44,3.99,90,98.0,1291.0,1205.7000000000005,54.900000000000006,72.19999999999999,136.9,0,7.0
2026-04-06,Kalimantan Barat,7.0,22.73,31.5,22.8,2.2,2.2,13.7,20.47,4.04,92,97.0,1086.0,1106.6500000000005,37.9,74.3,131.3,0,4.0
2026-04-07,Kalimantan Barat,4.0,24.36,31.4,23.3,7.3,7.3,13.2,20.21,4.17,87,99.0,757.0,1129.5400000000004,42.800000000000004,81.19999999999999,137.8,0,4.0
2026-04-08,Kalimantan Barat,4.0,16.88,30.4,23.5,9.8,9.8,8.3,18.98,3.8,93,38.0,580.0,423.9800000000005,48.0,90.5,135.9,0,17.0
2026-04-09,Kalimantan Barat,17.0,105.3,33.3,22.8,3.5,3.5,8.3,23.43,4.78,88,55.0,258.0,529.2800000000004,41.9,93.6,135.9,0,0.0
2026-04-10,Kalimantan Barat,0.0,0.0,29.3,24.1,11.8,11.8,10.3,13.48,2.7,92,44.0,176.0,437.8500000000005,53.599999999999994,104.9,142.5,0,3.0
2026-04-11,Kalimantan Barat,3.0,42.09,33.2,23.1,3.9,3.9,8.7,23.64,4.83,89,44.0,144.0,356.63000000000045,45.2,104.89999999999999,144.9,0,0.0
2026-04-12,Kalimantan Barat,0.0,0.0,31.2,23.8,5.0,5.0,11.0,20.07,3.97,90,35.0,133.0,211.36000000000047,43.5,98.39999999999999,149.9,0,7.0
2026-04-13,Kalimantan Barat,7.0,135.70000000000002,33.3,23.7,0.3,0.3,11.6,22.87,4.81,84,35.0,132.0,324.3300000000005,41.6,79.5,150.20000000000002,1,4.0
2026-04-14,Kalimantan Barat,4.0,28.45,32.2,23.6,8.5,8.5,9.3,19.07,3.75,93,35.0,134.0,328.42000000000047,42.8,85.60000000000001,157.9,0,2.0
2026-04-15,Kalimantan Barat,2.0,12.42,30.9,23.6,22.9,22.9,12.6,15.59,3.16,93,33.0,71.0,323.96000000000043,55.9,103.89999999999999,177.89999999999998,0,10.0
2026-04-16,Kalimantan Barat,10.0,53.94,31.9,23.2,24.8,24.8,7.0,19.15,3.83,93,26.0,81.0,272.6000000000004,77.2,119.1,190.6,0,25.0
2026-04-17,Kalimantan Barat,25.0,184.75,31.9,23.1,11.4,11.4,8.7,21.1,4.28,91,51.0,95.0,457.3500000000005,76.8,130.4,185.0,0,63.0
2026-04-18,Kalimantan Barat,63.0,517.37,31.3,23.4,20.3,20.3,10.5,20.74,4.12,91,111.0,155.0,932.6300000000006,93.19999999999999,138.39999999999998,204.10000000000002,0,66.0
2026-04-19,Kalimantan Barat,66.0,1147.44,32.4,23.1,3.6,3.6,11.1,22.25,4.47,90,177.0,212.0,2080.0700000000006,91.8,135.3,207.6,0,16.0
2026-04-20,Kalimantan Barat,16.0,72.29,32.4,23.5,1.5,1.5,6.5,23.04,4.7,89,186.0,221.0,2016.6600000000005,93.0,134.6,209.1,0,5.0
2026-04-21,Kalimantan Barat,5.0,58.09,30.4,23.8,10.3,10.3,8.8,16.99,3.42,92,187.0,222.0,2046.3000000000006,94.8,137.6,219.29999999999998,0,8.0
2026-04-22,Kalimantan Barat,8.0,21.51,31.8,23.5,5.0,5.0,7.3,18.89,3.87,91,193.0,226.0,2055.390000000001,76.9,132.79999999999998,224.2,0,9.0
2026-04-23,Kalimantan Barat,9.0,64.43,32.0,24.3,1.6,1.6,7.1,21.28,4.37,90,192.0,218.0,2065.8800000000006,53.699999999999996,130.9,225.4,0,44.0
2026-04-24,Kalimantan Barat,44.0,769.98,31.8,24.2,3.8,3.8,8.3,20.69,4.23,90,211.0,262.0,2651.1100000000006,46.099999999999994,122.89999999999999,228.7,0,1.0
2026-04-25,Kalimantan Barat,1.0,9.86,28.5,22.9,34.9,34.9,8.5,11.09,2.19,97,149.0,260.0,2143.600000000001,60.699999999999996,153.9,263.2,0,1.0
2026-04-26,Kalimantan Barat,1.0,3.41,32.3,23.1,1.8,1.8,9.1,21.53,4.39,89,84.0,261.0,999.5700000000005,58.89999999999999,150.7,264.5,0,1.0
2026-04-27,Kalimantan Barat,1.0,14.43,31.4,23.5,19.2,19.2,8.3,16.7,3.32,94,69.0,255.0,941.7100000000006,76.6,169.6,279.8,0,0.0
2026-04-28,Kalimantan Barat,0.0,0.0,32.6,23.5,1.1,1.1,8.5,21.5,4.45,88,64.0,251.0,883.6200000000006,67.39999999999999,162.2,269.4,0,0.0
2026-04-29,Kalimantan Barat,0.0,0.0,31.5,23.9,4.4,4.4,10.7,19.13,3.88,91,56.0,249.0,862.1100000000006,66.8,143.70000000000002,254.6,0,0.0
2026-04-30,Kalimantan Barat,0.0,0.0,31.7,23.3,15.0,15.0,5.7,18.91,3.85,92,47.0,239.0,797.6800000000005,80.19999999999999,133.9,267.2,0,0.0
2026-05-01,Kalimantan Barat,0.0,0.0,30.7,23.3,7.2,7.2,12.3,13.78,2.83,90,3.0,214.0,27.700000000000454,83.6,129.7,269.8,0,0.0
2026-05-02,Kalimantan Barat,0.0,0.0,29.4,23.8,15.7,15.7,7.1,10.82,2.18,93,2.0,151.0,17.840000000000455,64.4,125.1,275.9,0,0.0
2026-05-03,Kalimantan Barat,0.0,0.0,32.1,22.4,0.4,0.4,7.3,21.84,4.49,86,1.0,85.0,14.430000000000454,63.0,121.9,276.2,1,0.0
2026-05-04,Kalimantan Barat,0.0,0.0,28.0,23.9,30.6,30.6,7.8,13.39,2.61,96,0.0,69.0,0.0,74.4,151.0,294.5,0,6.0
2026-05-05,Kalimantan Barat,6.0,28.23,32.5,23.8,2.7,2.7,7.9,21.84,4.5,85,6.0,70.0,28.230000000000455,76.0,143.39999999999998,290.49999999999994,0,5.0
2026-05-06,Kalimantan Barat,5.0,35.699999999999996,32.6,23.7,18.9,18.9,10.7,20.25,4.14,90,11.0,67.0,63.93000000000045,90.5,157.29999999999998,307.2,0,1.0
2026-05-07,Kalimantan Barat,1.0,3.7,31.3,24.0,6.6,6.6,8.7,17.96,3.66,91,12.0,59.0,67.63000000000045,82.1,162.29999999999998,306.49999999999994,0,0.0
2026-05-08,Kalimantan Barat,0.0,0.0,28.2,24.0,31.5,31.5,5.7,15.48,3.03,97,12.0,15.0,67.63000000000045,106.39999999999999,189.99999999999997,328.2,0,0.0
2026-05-09,Kalimantan Barat,0.0,0.0,28.4,23.6,15.5,15.5,13.1,10.88,2.14,94,12.0,14.0,67.63000000000045,106.19999999999999,170.6,340.2,0,7.0
2026-05-10,Kalimantan Barat,7.0,63.14,32.3,24.1,3.1,3.1,11.2,20.75,4.29,84,19.0,20.0,130.77000000000046,108.89999999999999,171.89999999999998,331.5,0,6.0
2026-05-11,Kalimantan Barat,6.0,70.14,31.5,24.2,4.0,4.0,6.9,18.46,3.76,93,25.0,25.0,200.91000000000045,82.29999999999998,156.7,331.59999999999997,0,3.0
2026-05-12,Kalimantan Barat,3.0,15.719999999999999,28.2,23.9,1.6,1.6,8.2,12.88,2.51,95,22.0,28.0,188.40000000000046,81.2,157.20000000000002,328.2,0,3.0
2026-05-13,Kalimantan Barat,3.0,13.639999999999999,32.6,23.0,15.3,15.3,14.3,18.48,3.77,89,20.0,31.0,166.34000000000043,77.6,168.1,343.2,0,4.0
2026-05-14,Kalimantan Barat,4.0,55.92,32.3,24.0,19.9,19.9,13.4,20.35,4.09,92,23.0,35.0,218.56000000000046,90.9,173.0,354.6,0,0.0
2026-05-15,Kalimantan Barat,0.0,0.0,31.5,24.3,20.6,20.6,6.7,19.3,3.9,92,23.0,35.0,218.56000000000046,80.0,186.39999999999998,352.29999999999995,0,0.0
2026-05-16,Kalimantan Barat,0.0,0.0,30.6,23.7,23.5,23.5,11.5,18.12,3.48,94,23.0,35.0,218.56000000000046,88.0,194.2,350.99999999999994,0,0.0
2026-05-17,Kalimantan Barat,0.0,0.0,28.0,23.9,14.0,14.0,7.4,11.13,2.19,97,16.0,35.0,155.42000000000047,98.9,207.79999999999998,353.59999999999997,0,0.0
2026-05-18,Kalimantan Barat,0.0,0.0,31.3,23.9,6.1,6.1,12.2,20.44,4.07,92,10.0,35.0,85.28000000000046,101.0,183.29999999999998,339.4,0,3.0
2026-05-19,Kalimantan Barat,3.0,6.23,32.8,24.3,0.0,0.0,7.0,22.69,4.69,85,10.0,32.0,75.79000000000046,99.39999999999999,180.6,335.8,1,37.0
2026-05-20,Kalimantan Barat,37.0,388.86,34.2,24.7,3.2,3.2,6.4,21.6,4.52,85,44.0,64.0,451.01000000000045,87.3,164.9,337.5,0,38.0
2026-05-21,Kalimantan Barat,38.0,344.85,32.9,24.6,6.4,6.4,10.9,20.2,4.07,91,78.0,101.0,739.9400000000005,73.80000000000001,164.70000000000002,333.6,0,1.0
2026-05-22,Kalimantan Barat,1.0,3.39,27.3,23.6,22.8,22.8,6.8,12.51,2.42,99,79.0,102.0,743.3300000000005,76.0,156.0,351.4,0,0.0
2026-05-23,Kalimantan Barat,0.0,0.0,33.2,23.9,7.3,7.3,7.1,20.25,4.12,90,79.0,102.0,743.3300000000005,59.8,147.8,357.09999999999997,0,6.0
2026-05-24,Kalimantan Barat,6.0,11.2,29.7,23.3,7.0,7.0,5.6,16.31,3.17,97,85.0,101.0,754.5300000000004,52.8,151.70000000000002,360.29999999999995,0,0.0
2026-05-25,Kalimantan Barat,0.0,0.0,30.2,23.7,16.4,16.4,12.4,16.87,3.29,95,85.0,95.0,754.5300000000004,63.099999999999994,164.10000000000002,341.8,0,8.0
2026-05-26,Kalimantan Barat,8.0,198.67000000000002,31.7,23.8,5.3,5.3,7.3,18.5,3.73,92,90.0,100.0,946.9700000000005,68.39999999999999,167.79999999999998,345.29999999999995,0,4.0
2026-05-27,Kalimantan Barat,4.0,31.79,31.9,24.1,9.4,9.4,6.5,12.45,2.49,96,57.0,101.0,589.9000000000005,74.6,161.9,335.5,0,21.0
2026-05-28,Kalimantan Barat,21.0,182.3,32.0,23.4,0.4,0.4,10.6,21.33,4.45,86,40.0,118.0,427.3500000000005,68.60000000000001,142.4,334.8,1,13.0
2026-05-29,Kalimantan Barat,13.0,67.00999999999999,31.2,23.7,3.2,3.2,10.2,19.46,3.96,87,52.0,131.0,490.9700000000005,49.0,125.0,333.59999999999997,0,5.0
2026-05-30,Kalimantan Barat,5.0,5.35,32.5,24.3,2.8,2.8,11.2,18.86,3.83,90,57.0,136.0,496.3200000000005,44.5,104.30000000000001,321.4,0,18.0
2026-05-31,Kalimantan Barat,18.0,279.81,31.8,23.9,0.9,0.9,6.3,20.02,4.15,86,69.0,154.0,764.9300000000005,38.4,91.2,315.1,1,27.0
2026-06-01,Kalimantan Barat,27.0,148.63,33.3,23.3,0.6,0.6,8.8,21.51,4.49,84,96.0,181.0,913.5600000000005,22.599999999999998,85.7,300.0,2,40.0
2026-06-02,Kalimantan Barat,40.0,478.5,33.0,24.5,1.6,1.6,9.3,20.7,4.29,87,128.0,218.0,1193.3900000000003,18.9,87.3,301.2,0,62.0
2026-06-03,Kalimantan Barat,62.0,446.57,33.6,24.6,0.5,0.5,12.8,20.89,4.4,85,186.0,243.0,1608.1700000000005,10.0,84.6,271.1,1,30.0
2026-06-04,Kalimantan Barat,30.0,318.18,33.3,24.1,2.5,2.5,9.4,21.23,4.56,82,195.0,235.0,1744.0500000000006,12.1,80.7,270.90000000000003,0,83.0
2026-06-05,Kalimantan Barat,83.0,611.12,33.0,24.0,2.4,2.4,10.7,20.82,4.39,86,265.0,317.0,2288.1600000000008,11.3,60.3,254.39999999999998,0,50.0
2026-06-06,Kalimantan Barat,50.0,578.57,33.7,24.2,8.0,8.0,9.8,21.25,4.42,88,310.0,367.0,2861.3800000000006,16.5,61.0,255.79999999999998,0,21.0
2026-06-07,Kalimantan Barat,21.0,152.72,30.8,23.8,15.6,15.6,9.5,18.44,3.65,93,313.0,382.0,2734.290000000001,31.2,69.6,239.89999999999998,0,0.0
2026-06-08,Kalimantan Barat,0.0,0.0,28.1,23.6,3.1,3.1,9.4,11.08,2.17,94,286.0,382.0,2585.6600000000008,33.7,56.3,227.5,0,6.0
2026-06-09,Kalimantan Barat,6.0,22.35,32.3,23.9,0.8,0.8,8.9,21.25,4.32,86,252.0,380.0,2129.5100000000007,32.9,51.8,225.2,1,7.0
2026-06-10,Kalimantan Barat,7.0,23.71,31.7,23.5,8.3,8.3,11.7,18.9,3.75,90,197.0,383.0,1706.6500000000005,40.7,50.7,229.5,0,0.0
2026-06-11,Kalimantan Barat,0.0,0.0,30.5,24.0,15.7,15.7,6.5,15.41,3.04,95,167.0,362.0,1388.4700000000007,53.9,66.0,243.6,0,0.0
2026-06-12,Kalimantan Barat,0.0,0.0,29.6,23.4,2.2,2.2,7.5,12.38,2.56,92,84.0,349.0,777.3500000000005,53.7,65.0,230.5,0,9.0
2026-06-13,Kalimantan Barat,9.0,50.629999999999995,31.8,22.7,0.5,0.5,7.8,19.75,4.03,83,43.0,353.0,249.41000000000045,46.2,62.7,211.10000000000002,1,8.0
2026-06-14,Kalimantan Barat,8.0,43.18,29.9,23.8,0.0,0.0,10.7,11.31,2.42,88,30.0,343.0,139.87000000000046,30.6,61.800000000000004,190.5,2,4.0
2026-06-15,Kalimantan Barat,4.0,25.25,32.8,23.3,13.2,13.2,9.4,20.54,4.23,88,34.0,320.0,165.12000000000046,40.7,74.4,180.2,0,0.0
2026-06-16,Kalimantan Barat,0.0,0.0,26.9,23.1,17.9,17.9,8.4,11.1,2.11,97,28.0,280.0,142.77000000000046,57.8,90.7,184.1,0,15.0
2026-06-17,Kalimantan Barat,15.0,155.18,31.9,23.0,5.5,5.5,7.8,21.99,4.46,85,36.0,233.0,274.24000000000046,55.0,95.69999999999999,183.5,0,17.0
2026-06-18,Kalimantan Barat,17.0,135.89,31.4,23.1,18.5,18.5,9.5,18.4,3.72,90,53.0,220.0,410.13000000000045,57.8,111.69999999999999,202.0,0,3.0
2026-06-19,Kalimantan Barat,3.0,17.009999999999998,31.5,23.4,1.3,1.3,8.4,20.04,4.07,89,56.0,140.0,427.14000000000044,56.9,110.6,200.1,0,9.0
2026-06-20,Kalimantan Barat,9.0,79.24,32.4,23.0,6.4,6.4,8.3,20.72,4.23,89,56.0,99.0,455.75000000000045,62.8,109.0,200.1,0,1.0
2026-06-21,Kalimantan Barat,1.0,16.29,30.2,23.0,0.6,0.6,10.3,14.51,2.93,89,49.0,79.0,428.86000000000047,63.4,94.0,177.89999999999998,1,19.0
2026-06-22,Kalimantan Barat,19.0,114.86,32.2,22.1,0.1,0.1,5.6,21.97,4.56,80,64.0,98.0,518.4700000000005,50.300000000000004,91.0,170.70000000000002,2,14.0
2026-06-23,Kalimantan Barat,14.0,114.25,32.4,23.3,0.0,0.0,8.5,20.64,4.37,82,78.0,106.0,632.7200000000005,32.400000000000006,90.2,163.70000000000002,3,24.0
2026-06-24,Kalimantan Barat,24.0,134.83,32.8,23.3,0.0,0.0,7.3,22.21,4.68,79,87.0,123.0,612.3700000000005,26.9,81.9,147.3,4,32.0
2026-06-25,Kalimantan Barat,32.0,298.02,32.9,24.2,0.3,0.3,10.4,21.23,4.62,78,102.0,155.0,774.5000000000005,8.7,66.5,142.29999999999998,5,39.0
2026-06-26,Kalimantan Barat,39.0,498.77,32.8,23.8,0.1,0.1,11.1,21.75,4.55,82,138.0,194.0,1256.2600000000004,7.5,64.39999999999999,132.99999999999997,6,18.0
2026-06-27,Kalimantan Barat,18.0,142.76,32.8,23.8,4.8,4.8,11.9,20.51,4.21,87,147.0,203.0,1319.7800000000004,5.8999999999999995,68.7,137.4,0,0.0
2026-06-28,Kalimantan Barat,0.0,0.0,26.5,23.8,24.5,24.5,6.8,8.98,1.73,98,146.0,195.0,1303.4900000000005,29.8,93.19999999999999,158.7,0,12.0
2026-06-29,Kalimantan Barat,12.0,121.57000000000001,32.1,23.8,4.1,4.1,12.5,19.55,3.93,91,139.0,203.0,1310.2000000000003,33.8,84.1,160.0,0,7.0
2026-06-30,Kalimantan Barat,7.0,34.28,31.2,23.7,1.8,1.8,10.6,19.9,4.03,87,132.0,210.0,1230.2300000000002,35.6,68.0,160.9,0,15.0
2026-07-01,Kalimantan Barat,15.0,80.42,31.1,23.6,1.6,1.6,8.6,18.28,3.75,87,123.0,210.0,1175.8200000000004,37.199999999999996,64.1,161.9,0,20.0
2026-07-02,Kalimantan Barat,20.0,103.0,31.9,22.5,0.0,0.0,9.6,21.52,4.59,79,111.0,213.0,980.8000000000004,36.9,45.6,160.3,1,33.0
2026-07-03,Kalimantan Barat,33.0,282.16,32.5,23.0,0.0,0.0,10.0,21.29,4.55,80,105.0,243.0,764.1900000000005,36.8,44.3,159.8,2,88.0
2026-07-04,Kalimantan Barat,88.0,961.52,32.7,24.4,0.2,0.2,10.1,21.36,4.5,81,175.0,322.0,1582.9500000000005,32.2,38.1,157.5,3,71.0
2026-07-05,Kalimantan Barat,71.0,660.73,32.5,24.2,2.2,2.2,9.2,21.08,4.44,82,246.0,392.0,2243.6800000000003,9.9,39.699999999999996,157.3,0,17.0
2026-07-06,Kalimantan Barat,17.0,114.63,30.2,23.2,10.1,10.1,11.0,17.33,3.52,88,251.0,390.0,2236.7400000000002,15.9,49.699999999999996,159.4,0,27.0
2026-07-07,Kalimantan Barat,27.0,139.04,32.2,24.5,0.8,0.8,11.4,20.94,4.53,80,271.0,403.0,2341.5000000000005,14.9,50.49999999999999,144.60000000000002,1,96.0
2026-07-08,Kalimantan Barat,96.0,1226.76,32.5,23.4,0.0,0.0,11.7,21.65,4.66,79,352.0,475.0,3487.8400000000006,13.3,50.49999999999999,141.5,2,181.0
2026-07-09,Kalimantan Barat,181.0,1561.79,32.0,22.9,0.1,0.1,11.6,22.13,4.91,75,513.0,624.0,4946.630000000001,13.4,50.3,140.8,3,220.0
2026-07-10,Kalimantan Barat,220.0,2481.22,32.3,22.2,0.0,0.0,12.3,22.42,5.11,70,700.0,805.0,7145.6900000000005,13.4,50.199999999999996,132.5,4,140.0
2026-07-11,Kalimantan Barat,140.0,1674.03,32.4,22.9,0.0,0.0,11.7,21.63,4.92,74,752.0,927.0,7858.2,13.200000000000001,45.4,116.8,5,130.0
2026-07-12,Kalimantan Barat,130.0,1214.34,32.6,23.2,0.0,0.0,10.3,21.66,4.77,75,811.0,1057.0,8411.810000000001,11.0,20.9,114.60000000000001,6,93.0
2026-07-13,Kalimantan Barat,93.0,955.22,33.1,23.7,0.0,0.0,11.0,21.63,4.7,78,887.0,1138.0,9252.4,0.9,16.799999999999997,114.10000000000001,7,159.0
2026-07-14,Kalimantan Barat,159.0,1791.6399999999999,33.6,24.4,0.6,0.6,11.3,22.0,4.68,80,1019.0,1290.0,10905.0,0.7,15.6,114.7,8,146.0
2026-07-15,Kalimantan Barat,146.0,1657.3,33.4,24.5,0.4,0.4,10.6,22.02,4.72,82,1069.0,1421.0,11335.54,1.1,14.4,101.9,9,28.0
2026-07-16,Kalimantan Barat,28.0,259.8,30.6,22.6,6.3,6.3,13.5,18.11,3.63,89,916.0,1429.0,10033.55,7.3,20.7,90.3,0,156.0
2026-07-17,Kalimantan Barat,156.0,1525.11,32.4,24.2,0.6,0.6,9.0,20.25,4.32,82,852.0,1552.0,9077.439999999999,7.8999999999999995,21.3,85.39999999999999,1,210.0
2026-07-18,Kalimantan Barat,210.0,2980.32,32.8,23.8,0.5,0.5,8.7,21.99,4.64,79,922.0,1674.0,10383.73,8.4,21.6,67.39999999999999,2,317.0
2026-07-19,Kalimantan Barat,317.0,4538.45,32.8,23.7,0.2,0.2,11.6,21.45,4.7,78,1109.0,1920.0,13707.84,8.6,19.6,66.3,3,362.0
2026-07-20,Kalimantan Barat,362.0,3570.97,33.5,22.9,0.0,0.0,8.0,22.83,4.86,76,1378.0,2265.0,16323.59,8.6,9.5,59.9,4,79.0
2026-07-21,Kalimantan Barat,79.0,344.3,32.5,23.7,0.2,0.2,8.4,19.01,4.09,79,1298.0,2317.0,14876.250000000002,8.2,8.899999999999999,59.5,5,482.0
2026-07-22,Kalimantan Barat,482.0,6304.86,33.2,23.0,0.6,0.6,12.1,22.13,4.79,78,1634.0,2703.0,19523.809999999998,8.4,9.5,59.99999999999999,6,599.0
2026-07-23,Kalimantan Barat,599.0,4757.0,33.0,23.1,0.2,0.2,10.8,22.44,4.98,76,2205.0,3121.0,24021.010000000002,2.3,9.6,60.199999999999996,7,525.0
2026-07-24,Kalimantan Barat,525.0,4847.81,32.7,23.2,0.0,0.0,13.3,20.71,4.82,73,2574.0,3426.0,27343.71,1.7,9.6,60.199999999999996,8,1194.0
2026-07-25,Kalimantan Barat,1194.0,11613.21,32.4,23.4,0.0,0.0,14.6,22.1,4.93,74,3558.0,4480.0,35976.6,1.2000000000000002,9.6,59.9,9,685.0
2026-07-26,Kalimantan Barat,685.0,8370.37,33.1,23.0,0.0,0.0,11.6,20.22,4.68,74,3926.0,5035.0,39808.52,1.0,9.6,59.8,10,99.0
2026-07-27,Kalimantan Barat,99.0,856.78,32.1,23.9,0.0,0.0,10.8,14.15,3.3,78,3663.0,5041.0,37094.329999999994,1.0,9.6,55.0,11,351.0
2026-07-28,Kalimantan Barat,351.0,4935.03,34.0,24.1,1.0,1.0,8.0,21.29,4.54,83,3935.0,5233.0,41685.06,1.8,10.0,31.5,0,209.0
2026-07-29,Kalimantan Barat,209.0,2481.26,33.0,24.5,4.6,4.6,10.8,18.86,3.97,88,3662.0,5296.0,37861.46,5.8,14.2,32.0,0,236.0
2026-07-30,Kalimantan Barat,236.0,2039.43,33.3,23.8,1.1,1.1,12.0,20.52,4.32,84,3299.0,5504.0,35143.89,6.699999999999999,9.0,31.3,0,400.0
2026-07-31,Kalimantan Barat,400.0,5335.19,34.0,24.2,4.0,4.0,10.9,18.87,3.97,88,3174.0,5748.0,35631.27,10.7,12.4,33.7,0,599.0
2026-08-01,Kalimantan Barat,599.0,8948.43,32.7,23.0,1.9,1.9,13.1,21.37,4.6,81,2579.0,6137.0,32966.490000000005,12.6,13.8,35.6,0,1100.0
2026-08-02,Kalimantan Barat,1100.0,17832.84,34.2,23.6,6.7,6.7,9.6,21.52,4.75,79,2994.0,6920.0,42428.96,19.299999999999997,20.299999999999997,42.3,0,578.0
2026-08-03,Kalimantan Barat,578.0,11133.97,34.8,24.7,0.5,0.5,10.8,22.0,4.97,75,3473.0,7136.0,52706.15,19.799999999999997,20.799999999999997,42.599999999999994,1,715.0
2026-08-04,Kalimantan Barat,715.0,12354.24,35.4,23.8,0.5,0.5,10.2,22.62,5.19,73,3837.0,7772.0,60125.36,19.299999999999997,21.1,40.9,2,1364.0
2026-08-05,Kalimantan Barat,1364.0,14834.23,34.8,23.4,0.0,0.0,9.8,22.69,5.33,67,4992.0,8654.0,72478.33,14.7,20.5,30.799999999999997,3,2226.0
2026-08-06,Kalimantan Barat,2226.0,28476.420000000002,34.9,23.6,0.4,0.4,9.4,22.6,5.19,70,6982.0,10281.0,98915.32,14.0,20.7,30.4,4,1738.0
2026-08-07,Kalimantan Barat,1738.0,25796.670000000002,35.1,23.9,0.0,0.0,11.5,22.81,5.35,70,8320.0,11494.0,119376.8,10.0,20.7,30.4,5,3056.0
2026-08-08,Kalimantan Barat,3056.0,40429.97,34.7,23.1,0.0,0.0,12.6,23.88,5.81,66,10777.0,13356.0,150858.34,8.1,20.7,30.3,6,2941.0
2026-08-09,Kalimantan Barat,2941.0,35488.09,34.5,22.4,0.0,0.0,13.8,22.88,5.35,66,12618.0,15612.0,168513.59,1.4,20.7,30.3,7,2901.0
2026-08-10,Kalimantan Barat,2901.0,35150.34,34.8,23.0,0.0,0.0,10.1,23.64,5.5,68,14941.0,18414.0,192529.96,0.9,20.7,30.3,8,1826.0
2026-08-11,Kalimantan Barat,1826.0,20838.94,34.2,23.0,0.0,0.0,9.7,22.8,4.92,74,16052.0,19889.0,201014.66,0.4,19.7,30.3,9,1132.0
2026-08-12,Kalimantan Barat,1132.0,10398.69,34.1,23.0,0.3,0.3,9.7,22.08,4.87,74,15820.0,20812.0,196579.12,0.7,15.4,30.6,10,260.0
2026-08-13,Kalimantan Barat,260.0,1004.4399999999999,34.0,24.3,0.5,0.5,9.7,20.41,4.54,76,13854.0,20836.0,169107.14,0.7999999999999999,14.799999999999999,30.5,11,1287.0
2026-08-14,Kalimantan Barat,1287.0,14502.35,34.5,24.3,2.7,2.7,10.2,20.58,4.57,78,13403.0,21723.0,157812.82,3.5,13.5,32.8,0,1261.0
2026-08-15,Kalimantan Barat,1261.0,14356.47,34.5,24.0,0.9,0.9,12.8,21.18,4.64,79,11608.0,22385.0,131739.32,4.4,12.500000000000002,27.4,1,2074.0
2026-08-16,Kalimantan Barat,2074.0,27774.4,35.1,24.1,2.3,2.3,11.0,21.38,4.71,80,10741.0,23359.0,124025.63,6.699999999999999,8.1,29.099999999999998,0,1519.0
2026-08-17,Kalimantan Barat,1519.0,20373.12,34.1,22.8,12.4,12.4,10.7,21.08,4.39,87,9359.0,24300.0,109248.41,19.1,20.0,41.0,0,3278.0
2026-08-18,Kalimantan Barat,3278.0,36639.46,34.9,22.9,0.0,0.0,12.6,22.72,5.12,75,10811.0,26863.0,125048.93,19.1,19.5,40.8,1,2648.0
2026-08-19,Kalimantan Barat,2648.0,30130.39,34.6,23.8,0.0,0.0,9.7,22.09,4.93,76,12327.0,28147.0,144780.63,18.799999999999997,19.5,40.8,2,2632.0
2026-08-20,Kalimantan Barat,2632.0,27511.18,34.4,23.9,0.2,0.2,10.0,22.45,5.15,72,14699.0,28553.0,171287.37,18.5,19.3,40.8,3,2811.0
2026-08-21,Kalimantan Barat,2811.0,38077.43,35.0,22.9,0.0,0.0,12.5,23.93,5.48,73,16223.0,29626.0,194862.44999999998,15.799999999999999,19.3,40.199999999999996,4,2182.0
2026-08-22,Kalimantan Barat,2182.0,30483.88,34.5,23.4,0.1,0.1,12.1,22.39,5.14,74,17144.0,28752.0,210989.86,15.0,19.400000000000002,40.099999999999994,5,982.0
2026-08-23,Kalimantan Barat,982.0,5392.17,34.0,24.3,0.9,0.9,12.6,20.94,4.85,75,16052.0,26793.0,188607.62999999998,13.6,20.3,40.99999999999999,6,2377.0
2026-08-24,Kalimantan Barat,2377.0,27758.55,34.0,24.0,0.2,0.2,10.9,22.4,5.15,74,16910.0,26269.0,195993.06,1.4000000000000001,20.5,41.199999999999996,7,1692.0
2026-08-25,Kalimantan Barat,1692.0,15679.51,34.8,23.9,2.3,2.3,9.0,22.58,4.95,80,15324.0,26135.0,175033.11,3.7,22.8,43.49999999999999,0,1785.0
2026-08-26,Kalimantan Barat,1785.0,18088.46,34.6,23.6,1.5,1.5,10.3,20.35,4.33,84,14461.0,26788.0,162991.18,5.2,24.0,44.99999999999999,0,2063.0
2026-08-27,Kalimantan Barat,2063.0,20724.62,33.1,23.8,2.3,2.3,11.9,18.78,3.99,86,13892.0,28591.0,156204.62,7.3,25.8,46.3,0,4676.0
2026-08-28,Kalimantan Barat,4676.0,42720.11,35.2,22.9,0.0,0.0,13.2,23.67,5.62,68,15757.0,31980.0,160847.3,7.3,23.1,41.7,1,6792.0
2026-08-29,Kalimantan Barat,6792.0,78495.04,35.6,22.9,0.0,0.0,10.3,23.3,5.67,65,20367.0,37511.0,208858.46,7.2,22.2,40.6,2,4755.0
2026-01-07,Kalimantan Selatan,1.0,1.1,31.0,23.3,27.0,27.0,8.1,15.45,3.21,89,1.0,1.0,1.1,27.0,27.0,27.0,0,1.0
2026-01-08,Kalimantan Selatan,1.0,8.5,30.0,23.1,32.1,32.1,10.2,15.02,3.03,91,2.0,2.0,9.6,59.1,59.1,59.1,0,1.0
2026-01-09,Kalimantan Selatan,1.0,5.15,29.3,22.9,29.2,29.2,10.5,15.71,3.18,90,3.0,3.0,14.75,88.3,88.3,88.3,0,0.0
2026-01-10,Kalimantan Selatan,0.0,0.0,29.3,22.8,43.9,43.9,9.4,12.53,2.58,91,3.0,3.0,14.75,132.2,132.2,132.2,0,0.0
2026-01-11,Kalimantan Selatan,0.0,0.0,28.2,23.0,7.4,7.4,13.3,12.25,2.51,88,3.0,3.0,14.75,139.6,139.6,139.6,0,0.0
2026-01-12,Kalimantan Selatan,0.0,0.0,30.1,22.2,30.8,30.8,23.9,14.15,3.02,85,3.0,3.0,14.75,170.4,170.4,170.4,0,14.0
2026-01-13,Kalimantan Selatan,14.0,40.379999999999995,31.1,22.2,1.4,1.4,12.3,19.2,4.13,83,17.0,17.0,55.129999999999995,171.8,171.8,171.8,0,14.0
2026-01-14,Kalimantan Selatan,14.0,46.53,32.2,22.3,3.9,3.9,10.4,23.83,5.05,78,30.0,31.0,100.56,148.70000000000002,175.70000000000002,175.70000000000002,0,10.0
2026-01-15,Kalimantan Selatan,10.0,50.14,32.1,22.5,2.1,2.1,13.3,22.8,4.98,79,39.0,41.0,142.2,118.70000000000002,177.8,177.8,0,20.0
2026-01-16,Kalimantan Selatan,20.0,241.74,32.4,21.7,1.3,1.3,13.1,24.42,5.22,79,58.0,61.0,378.78999999999996,90.80000000000001,179.1,179.1,0,18.0
2026-01-17,Kalimantan Selatan,18.0,45.52,32.8,23.1,2.7,2.7,12.2,23.2,5.06,77,76.0,79.0,424.31,49.6,181.8,181.8,0,1.0
2026-01-18,Kalimantan Selatan,1.0,19.5,32.5,23.5,2.0,2.0,13.2,21.52,4.75,79,77.0,80.0,443.81,44.2,183.8,183.8,0,14.0
2026-01-19,Kalimantan Selatan,14.0,77.62,32.0,24.5,2.4,2.4,12.0,20.23,4.36,80,91.0,94.0,521.4300000000001,15.8,186.20000000000002,186.20000000000002,0,12.0
2026-01-20,Kalimantan Selatan,12.0,47.56,31.5,24.1,7.4,7.4,11.0,19.68,4.09,85,89.0,106.0,528.61,21.8,193.6,193.6,0,12.0
2026-01-21,Kalimantan Selatan,12.0,99.69,32.0,24.5,0.0,0.0,17.2,21.99,4.93,73,87.0,117.0,581.77,17.900000000000002,166.6,193.6,1,14.0
2026-01-22,Kalimantan Selatan,14.0,28.75,32.8,24.9,0.2,0.2,15.0,23.39,5.21,69,91.0,130.0,560.3800000000001,16.0,134.70000000000002,193.8,2,15.0
2026-01-23,Kalimantan Selatan,15.0,48.910000000000004,32.5,23.7,0.0,0.0,8.1,24.27,5.22,72,86.0,144.0,367.55000000000007,14.700000000000001,105.50000000000001,193.8,3,9.0
2026-01-24,Kalimantan Selatan,9.0,21.54,31.7,23.6,1.4,1.4,15.5,17.77,3.88,79,77.0,153.0,343.57,13.4,63.00000000000001,195.20000000000002,0,21.0
2026-01-25,Kalimantan Selatan,21.0,65.46,31.4,22.4,4.5,4.5,10.7,23.03,4.74,84,97.0,174.0,389.53,15.9,60.10000000000001,199.70000000000002,0,12.0
2026-01-26,Kalimantan Selatan,12.0,81.24,31.8,23.5,5.3,5.3,15.0,23.25,4.9,84,95.0,186.0,393.15,18.8,34.6,205.0,0,1.0
2026-01-27,Kalimantan Selatan,1.0,4.53,31.8,23.4,7.5,7.5,12.5,22.54,4.78,82,84.0,173.0,350.12,18.9,40.7,212.5,0,7.0
2026-01-28,Kalimantan Selatan,7.0,22.35,30.6,22.8,27.4,27.4,15.2,15.87,3.33,89,79.0,166.0,272.78,46.3,64.2,239.9,0,11.0
2026-01-29,Kalimantan Selatan,11.0,37.129999999999995,28.2,22.6,11.6,11.6,16.0,10.61,2.19,92,76.0,167.0,281.15999999999997,57.699999999999996,73.7,251.5,0,4.0
2026-01-30,Kalimantan Selatan,4.0,25.650000000000002,31.1,22.9,17.5,17.5,12.2,17.62,3.56,90,65.0,151.0,257.9,75.19999999999999,89.9,269.0,0,2.0
2026-01-31,Kalimantan Selatan,2.0,3.53,31.0,22.6,24.1,24.1,10.7,19.5,3.93,89,58.0,135.0,239.89,97.9,111.30000000000001,293.1,0,0.0
2026-02-01,Kalimantan Selatan,0.0,0.0,28.8,23.3,26.6,26.6,11.0,13.69,2.72,91,37.0,134.0,174.43,120.0,135.9,319.7,0,3.0
2026-02-02,Kalimantan Selatan,3.0,8.3,30.4,22.7,22.6,22.6,8.9,16.35,3.28,92,28.0,123.0,101.49,137.3,156.1,342.3,0,0.0
2026-02-03,Kalimantan Selatan,0.0,0.0,31.1,23.1,16.0,16.0,10.0,19.83,4.01,88,27.0,111.0,96.96,145.8,164.7,358.3,0,8.0
2026-02-04,Kalimantan Selatan,8.0,24.55,26.8,22.5,45.3,45.3,10.2,6.3,1.32,95,28.0,107.0,99.16,163.7,210.0,403.6,0,2.0
2026-02-05,Kalimantan Selatan,2.0,7.529999999999999,31.5,22.5,14.2,14.2,10.6,21.8,4.37,87,19.0,95.0,69.56,166.3,224.0,417.8,0,2.0
2026-02-06,Kalimantan Selatan,2.0,6.28,27.0,23.2,3.6,3.6,7.2,10.03,2.07,89,17.0,82.0,50.19,152.4,227.6,394.40000000000003,0,0.0
2026-02-07,Kalimantan Selatan,0.0,0.0,31.5,22.5,2.1,2.1,11.9,20.52,4.35,84,15.0,73.0,46.660000000000004,130.4,228.3,364.4,0,0.0
2026-02-08,Kalimantan Selatan,0.0,0.0,31.0,22.8,12.7,12.7,12.5,18.65,3.74,89,15.0,52.0,46.660000000000004,116.49999999999999,236.5,347.9,0,0.0
2026-02-09,Kalimantan Selatan,0.0,0.0,31.7,22.9,11.8,11.8,11.7,18.79,3.94,88,12.0,40.0,38.36,105.69999999999999,243.0,315.8,0,0.0
2026-02-10,Kalimantan Selatan,0.0,0.0,28.1,22.9,39.5,39.5,10.7,11.07,2.29,93,12.0,39.0,38.36,129.2,275.0,347.9,0,5.0
2026-02-11,Kalimantan Selatan,5.0,12.92,29.6,22.5,1.8,1.8,6.9,15.05,3.09,86,9.0,37.0,26.73,85.7,249.4,318.90000000000003,0,1.0
2026-02-12,Kalimantan Selatan,1.0,5.6,28.5,23.2,8.7,8.7,9.4,14.65,2.98,87,8.0,27.0,24.800000000000004,80.19999999999999,246.5,326.2,0,0.0
2026-02-13,Kalimantan Selatan,0.0,0.0,28.3,22.4,23.4,23.4,17.6,12.54,2.52,90,6.0,23.0,18.520000000000003,100.0,252.4,345.70000000000005,0,5.0
2026-02-14,Kalimantan Selatan,5.0,10.15,31.9,22.4,1.8,1.8,10.8,23.43,5.05,78,11.0,26.0,28.67,99.69999999999999,230.1,345.4,0,2.0
2026-02-15,Kalimantan Selatan,2.0,3.22,32.0,23.8,10.4,10.4,11.4,20.48,4.28,84,13.0,28.0,31.89,97.4,213.9,354.5,0,5.0
2026-02-16,Kalimantan Selatan,5.0,33.19,31.4,22.9,7.4,7.4,13.1,21.49,4.42,87,18.0,30.0,65.08,93.0,198.7,359.2,0,2.0
2026-02-17,Kalimantan Selatan,2.0,6.99,29.8,23.1,11.4,11.4,12.7,17.82,3.52,91,20.0,32.0,72.07,64.9,194.1,368.6,0,0.0
2026-02-18,Kalimantan Selatan,0.0,0.0,30.8,23.4,27.8,27.8,10.9,17.81,3.49,93,15.0,24.0,59.15,90.9,176.6,394.0,0,3.0
2026-02-19,Kalimantan Selatan,3.0,3.91,29.2,23.0,12.0,12.0,8.9,13.63,2.83,88,17.0,25.0,57.459999999999994,94.2,174.4,398.59999999999997,0,4.0
2026-02-20,Kalimantan Selatan,4.0,27.34,30.9,22.6,17.8,17.8,11.1,19.22,3.83,90,21.0,27.0,84.8,88.60000000000001,188.60000000000002,416.4,0,0.0
2026-02-21,Kalimantan Selatan,0.0,0.0,27.6,22.6,9.5,9.5,9.4,6.65,1.44,94,16.0,27.0,74.65,96.3,196.0,425.7,0,0.0
2026-02-22,Kalimantan Selatan,0.0,0.0,31.2,22.8,5.4,5.4,9.8,17.59,3.84,82,14.0,27.0,71.42999999999999,91.30000000000001,188.7,431.1,0,0.0
2026-02-23,Kalimantan Selatan,0.0,0.0,29.6,22.2,22.7,22.7,13.8,16.2,3.27,90,9.0,27.0,38.24,106.6,199.6,452.40000000000003,0,0.0
2026-02-24,Kalimantan Selatan,0.0,0.0,28.6,22.7,14.6,14.6,12.5,13.24,2.68,91,7.0,27.0,31.25,109.8,174.70000000000002,462.5,0,0.0
2026-02-25,Kalimantan Selatan,0.0,0.0,28.7,22.4,9.8,9.8,7.6,12.99,2.7,89,7.0,22.0,31.25,91.8,182.70000000000002,467.0,0,5.0
2026-02-26,Kalimantan Selatan,5.0,17.81,31.5,22.7,20.1,20.1,11.9,20.75,4.26,84,9.0,26.0,45.150000000000006,99.9,194.1,479.6,0,2.0
2026-02-27,Kalimantan Selatan,2.0,6.18,31.9,23.2,0.8,0.8,15.6,23.85,5.13,77,7.0,28.0,23.99,82.9,171.5,453.00000000000006,1,2.0
2026-02-28,Kalimantan Selatan,2.0,9.54,31.3,22.6,3.8,3.8,10.6,14.46,3.22,84,9.0,25.0,33.53,77.2,173.5,445.2,0,4.0
2026-03-01,Kalimantan Selatan,4.0,17.44,32.3,23.7,7.5,7.5,9.7,21.73,4.66,80,13.0,27.0,50.97,79.3,170.6,435.2,0,3.0
2026-03-02,Kalimantan Selatan,3.0,7.710000000000001,32.6,23.6,10.0,10.0,10.0,23.19,4.9,80,16.0,25.0,58.68,66.6,173.2,421.09999999999997,0,10.0
2026-03-03,Kalimantan Selatan,10.0,68.81,32.0,24.0,10.4,10.4,14.0,21.15,4.55,82,26.0,33.0,127.49000000000001,62.4,172.20000000000002,404.90000000000003,0,1.0
2026-03-04,Kalimantan Selatan,1.0,2.98,30.4,23.1,14.2,14.2,9.9,15.94,3.28,89,27.0,34.0,130.47,66.8,158.6,396.5,0,6.0
2026-03-05,Kalimantan Selatan,6.0,6.44,31.9,22.8,10.6,10.6,11.3,19.53,4.18,83,28.0,37.0,119.10000000000001,57.3,157.2,391.1,0,1.0
2026-03-06,Kalimantan Selatan,1.0,22.6,31.1,23.0,17.0,17.0,13.5,21.29,4.36,89,27.0,34.0,135.52,73.5,156.39999999999998,362.79999999999995,0,4.0
2026-03-07,Kalimantan Selatan,4.0,12.14,30.9,22.7,34.4,34.4,17.1,18.84,3.86,89,29.0,38.0,138.12,104.1,181.29999999999998,383.0,0,1.0
2026-03-08,Kalimantan Selatan,1.0,0.66,30.2,22.8,20.6,20.6,9.7,18.98,3.84,90,26.0,39.0,121.34000000000002,117.2,196.5,400.0,0,2.0
2026-03-09,Kalimantan Selatan,2.0,18.3,30.8,22.7,10.8,10.8,10.2,21.07,4.21,89,25.0,41.0,131.93,118.0,184.6,408.7,0,0.0
2026-03-10,Kalimantan Selatan,0.0,0.0,30.0,22.7,12.5,12.5,17.4,16.86,3.35,90,15.0,41.0,63.12000000000002,120.1,182.5,408.5,0,0.0
2026-03-11,Kalimantan Selatan,0.0,0.0,28.4,22.2,20.0,20.0,14.9,14.19,2.84,89,14.0,41.0,60.14000000000002,125.89999999999999,192.7,416.7,0,0.0
2026-03-12,Kalimantan Selatan,0.0,0.0,31.7,22.7,2.6,2.6,12.7,22.71,4.82,81,8.0,36.0,53.70000000000002,117.9,175.2,379.8,0,6.0
2026-03-13,Kalimantan Selatan,6.0,5.6,32.0,23.4,1.7,1.7,12.5,23.32,4.99,78,13.0,40.0,36.70000000000002,102.6,176.1,379.7,0,4.0
2026-03-14,Kalimantan Selatan,4.0,7.28,30.4,22.4,12.4,12.4,10.4,19.36,3.92,87,13.0,42.0,31.840000000000014,80.6,184.7,383.40000000000003,0,0.0
2026-03-15,Kalimantan Selatan,0.0,0.0,30.3,23.2,7.0,7.0,8.7,17.39,3.48,89,12.0,38.0,31.180000000000014,67.0,184.2,367.0,0,2.0
2026-03-16,Kalimantan Selatan,2.0,2.31,30.0,22.5,14.4,14.4,10.2,16.58,3.35,92,12.0,37.0,15.190000000000014,70.60000000000001,188.6,379.6,0,14.0
2026-03-17,Kalimantan Selatan,14.0,37.519999999999996,30.8,22.4,6.8,6.8,10.7,20.58,4.16,89,26.0,41.0,52.71000000000001,64.9,185.0,376.0,0,2.0
2026-03-18,Kalimantan Selatan,2.0,10.370000000000001,30.7,22.6,21.4,21.4,11.5,19.44,3.95,88,28.0,42.0,63.08000000000001,66.30000000000001,192.2,390.0,0,0.0
2026-03-19,Kalimantan Selatan,0.0,0.0,28.1,23.1,17.4,17.4,10.9,13.17,2.56,94,28.0,36.0,63.08000000000001,81.1,199.0,396.0,0,1.0
2026-03-20,Kalimantan Selatan,1.0,8.05,29.5,22.5,24.1,24.1,13.0,15.02,3.01,92,23.0,36.0,65.53,103.5,206.10000000000002,392.3,0,1.0
2026-03-21,Kalimantan Selatan,1.0,8.95,30.8,22.6,5.1,5.1,13.6,20.37,4.04,89,20.0,33.0,67.2,96.19999999999999,176.8,385.40000000000003,0,2.0
2026-03-22,Kalimantan Selatan,2.0,2.16,29.4,22.7,22.2,22.2,12.6,15.45,3.07,92,22.0,34.0,69.36000000000001,111.39999999999999,178.4,389.8,0,4.0
2026-03-23,Kalimantan Selatan,4.0,8.889999999999999,30.8,22.5,2.8,2.8,11.8,20.7,4.2,88,24.0,36.0,75.94,99.8,170.4,383.1,0,14.0
2026-03-24,Kalimantan Selatan,14.0,132.18,31.6,23.1,10.1,10.1,14.5,22.84,4.75,84,24.0,50.0,170.60000000000002,103.1,168.0,387.79999999999995,0,1.0
2026-03-25,Kalimantan Selatan,1.0,4.98,32.1,23.1,0.2,0.2,12.5,24.6,5.22,80,23.0,51.0,165.21,81.89999999999999,148.2,365.29999999999995,1,17.0
2026-03-26,Kalimantan Selatan,17.0,108.55000000000001,32.5,23.0,4.8,4.8,15.8,24.49,5.15,81,40.0,68.0,273.76000000000005,69.30000000000001,150.4,355.5,0,3.0
2026-03-27,Kalimantan Selatan,3.0,15.56,32.3,23.1,11.1,11.1,13.3,22.04,4.61,87,42.0,65.0,281.27000000000004,56.3,159.8,356.8,0,18.0
2026-03-28,Kalimantan Selatan,18.0,54.88,30.6,23.3,9.6,9.6,13.3,18.39,3.69,90,59.0,79.0,327.20000000000005,60.8,157.0,346.29999999999995,0,20.0
2026-03-29,Kalimantan Selatan,20.0,103.89,31.6,23.1,4.0,4.0,10.3,22.67,4.63,86,77.0,99.0,428.93000000000006,42.599999999999994,154.0,349.49999999999994,0,5.0
2026-03-30,Kalimantan Selatan,5.0,8.620000000000001,30.1,23.4,6.3,6.3,11.5,19.01,3.69,90,78.0,102.0,428.66,46.1,145.9,352.0,0,4.0
2026-03-31,Kalimantan Selatan,4.0,18.79,30.6,23.0,17.6,17.6,8.0,19.6,3.97,89,68.0,92.0,315.27000000000004,53.6,156.7,362.1,0,6.0
2026-04-01,Kalimantan Selatan,6.0,23.63,32.0,23.0,9.0,9.0,13.1,21.21,4.35,88,73.0,96.0,333.9200000000001,62.4,144.3,361.1,0,5.0
2026-04-02,Kalimantan Selatan,5.0,11.91,30.9,23.5,18.5,18.5,12.6,16.33,3.25,92,61.0,101.0,237.28000000000003,76.1,145.4,369.2,0,9.0
2026-04-03,Kalimantan Selatan,9.0,22.72,30.1,22.8,0.1,0.1,6.9,17.34,3.62,85,67.0,109.0,244.44000000000003,65.10000000000001,121.39999999999999,355.09999999999997,1,19.0
2026-04-04,Kalimantan Selatan,19.0,144.89,32.3,22.3,1.3,1.3,10.8,24.12,5.14,79,68.0,127.0,334.45,56.8,117.60000000000001,345.79999999999995,0,13.0
2026-04-05,Kalimantan Selatan,13.0,79.05,32.0,23.3,23.4,23.4,12.4,21.07,4.34,87,61.0,138.0,309.61,76.19999999999999,118.8,352.2,0,11.0
2026-04-06,Kalimantan Selatan,11.0,33.03,30.7,23.0,20.4,20.4,11.8,20.6,4.12,89,67.0,145.0,334.02,90.3,136.4,338.2,0,6.0
2026-04-07,Kalimantan Selatan,6.0,17.68,29.9,23.3,29.7,29.7,9.7,16.84,3.42,93,69.0,137.0,332.90999999999997,102.39999999999999,156.0,347.3,0,2.0
2026-04-08,Kalimantan Selatan,2.0,23.1,31.2,22.7,23.0,23.0,11.5,19.97,4.12,88,65.0,138.0,332.38,116.4,178.79999999999998,359.5,0,0.0
2026-04-09,Kalimantan Selatan,0.0,0.0,31.9,23.1,16.8,16.8,10.8,19.78,4.17,86,60.0,121.0,320.47,114.7,190.8,363.8,0,3.0
2026-04-10,Kalimantan Selatan,3.0,7.23,30.4,23.7,25.0,25.0,8.8,18.12,3.66,90,54.0,121.0,304.97999999999996,139.6,204.70000000000002,368.8,0,5.0
2026-04-11,Kalimantan Selatan,5.0,33.28,31.7,23.2,11.7,11.7,8.5,20.69,4.24,89,40.0,108.0,193.37000000000003,149.99999999999997,206.79999999999998,377.9,0,0.0
2026-04-12,Kalimantan Selatan,0.0,0.0,31.9,23.7,11.6,11.6,7.6,20.76,4.26,88,27.0,88.0,114.32000000000004,138.20000000000002,214.39999999999998,387.8,0,12.0
2026-04-13,Kalimantan Selatan,12.0,10.76,30.9,23.2,3.6,3.6,12.8,20.18,4.14,87,28.0,95.0,92.05000000000004,121.4,211.70000000000002,378.99999999999994,0,8.0
2026-04-14,Kalimantan Selatan,8.0,14.59,31.6,23.5,4.1,4.1,11.6,21.52,4.41,86,30.0,99.0,88.96000000000002,95.8,198.20000000000002,376.09999999999997,0,1.0
2026-04-15,Kalimantan Selatan,1.0,0.61,29.6,23.7,3.3,3.3,8.9,15.42,3.07,92,29.0,94.0,66.47000000000003,76.1,192.49999999999997,365.0,0,18.0
2026-04-16,Kalimantan Selatan,18.0,44.71,30.7,23.1,12.2,12.2,15.1,19.15,3.89,88,47.0,107.0,111.18000000000004,71.5,186.20000000000002,370.4,0,11.0
2026-04-17,Kalimantan Selatan,11.0,41.84,31.7,22.6,5.3,5.3,14.7,23.02,4.75,86,55.0,109.0,145.79000000000002,51.8,191.39999999999998,354.3,0,22.0
2026-04-18,Kalimantan Selatan,22.0,73.05,30.9,23.4,7.6,7.6,10.8,20.87,4.2,88,72.0,112.0,185.56000000000003,47.699999999999996,197.7,344.49999999999994,0,0.0
2026-04-19,Kalimantan Selatan,0.0,0.0,30.7,24.1,2.0,2.0,8.7,19.32,3.93,89,72.0,99.0,185.56000000000003,38.1,176.29999999999998,322.4,0,13.0
2026-04-20,Kalimantan Selatan,13.0,49.949999999999996,31.9,22.7,6.6,6.6,10.3,21.92,4.47,87,73.0,101.0,224.75000000000003,41.099999999999994,162.5,323.9,0,18.0
2026-04-21,Kalimantan Selatan,18.0,80.9,31.6,23.2,15.7,15.7,12.8,21.69,4.42,85,83.0,113.0,291.06000000000006,52.699999999999996,148.5,317.4,0,13.0
2026-04-22,Kalimantan Selatan,13.0,43.0,29.7,23.3,6.2,6.2,10.8,16.73,3.26,92,95.0,124.0,333.45000000000005,55.6,131.7,320.79999999999995,0,19.0
2026-04-23,Kalimantan Selatan,19.0,48.0,31.4,23.1,5.6,5.6,8.6,18.56,3.82,86,96.0,143.0,336.74,49.0,120.49999999999999,316.3,0,19.0
2026-04-24,Kalimantan Selatan,19.0,102.82,33.1,23.1,0.3,0.3,11.2,23.36,4.96,82,104.0,159.0,397.72,44.0,95.8,316.40000000000003,1,14.0
2026-04-25,Kalimantan Selatan,14.0,48.32,33.0,24.1,0.1,0.1,11.8,22.32,4.74,83,96.0,168.0,372.99000000000007,36.5,84.2,311.7,2,19.0
2026-04-26,Kalimantan Selatan,19.0,121.19,32.4,23.9,3.9,3.9,8.6,20.2,4.32,82,115.0,187.0,494.17999999999995,38.4,76.49999999999999,304.5,0,8.0
2026-04-27,Kalimantan Selatan,8.0,16.07,29.4,23.7,19.4,19.4,10.8,15.74,3.07,93,110.0,183.0,460.3,51.2,92.3,314.3,0,1.0
2026-04-28,Kalimantan Selatan,1.0,6.2,31.8,23.4,4.4,4.4,7.1,21.02,4.36,84,93.0,176.0,385.6,39.9,92.60000000000001,314.70000000000005,0,0.0
2026-04-29,Kalimantan Selatan,0.0,0.0,31.5,24.1,7.2,7.2,10.4,19.02,3.93,87,80.0,175.0,342.6,40.9,96.49999999999999,315.6,0,0.0
2026-04-30,Kalimantan Selatan,0.0,0.0,31.3,23.6,9.8,9.8,12.5,15.56,3.23,90,61.0,157.0,294.6,45.1,94.10000000000001,307.8,0,0.0
2026-05-01,Kalimantan Selatan,0.0,0.0,29.8,23.2,18.5,18.5,9.2,13.77,2.85,89,42.0,146.0,191.78000000000003,63.300000000000004,107.30000000000001,317.3,0,0.0
2026-05-02,Kalimantan Selatan,0.0,0.0,31.8,23.3,3.6,3.6,7.7,20.11,4.15,86,28.0,124.0,143.46000000000004,66.8,103.3,302.4,0,0.0
2026-05-03,Kalimantan Selatan,0.0,0.0,30.6,23.5,20.0,20.0,8.3,16.74,3.36,91,9.0,124.0,22.270000000000028,82.9,121.3,322.3,0,0.0
2026-05-04,Kalimantan Selatan,0.0,0.0,31.8,23.1,9.6,9.6,12.5,19.0,3.93,87,1.0,111.0,6.200000000000029,73.10000000000001,124.30000000000001,330.6,0,9.0
2026-05-05,Kalimantan Selatan,9.0,30.17,30.7,23.4,6.9,6.9,13.3,18.57,3.73,88,9.0,102.0,30.17000000000003,75.6,115.5,314.09999999999997,0,18.0
2026-05-06,Kalimantan Selatan,18.0,33.68,32.6,23.1,4.0,4.0,6.0,19.45,4.04,86,27.0,107.0,63.85000000000003,72.4,113.3,297.7,0,9.0
2026-05-07,Kalimantan Selatan,9.0,20.89,30.6,23.8,13.1,13.1,10.8,16.77,3.38,91,36.0,97.0,84.74000000000004,75.7,120.80000000000001,281.1,0,4.0
2026-05-08,Kalimantan Selatan,4.0,12.58,30.8,24.2,9.3,9.3,10.5,18.41,3.73,89,40.0,82.0,97.32000000000004,66.5,129.8,267.40000000000003,0,1.0
2026-05-09,Kalimantan Selatan,1.0,0.6,30.6,24.3,15.0,15.0,8.2,14.48,2.96,91,41.0,69.0,97.92000000000003,77.9,144.70000000000002,265.6,0,6.0
2026-05-10,Kalimantan Selatan,6.0,6.17,31.1,23.8,10.5,10.5,6.9,16.42,3.32,91,47.0,56.0,104.09000000000003,68.4,151.3,251.1,0,8.0
2026-05-11,Kalimantan Selatan,8.0,78.77,31.9,23.2,9.2,9.2,8.6,18.46,3.74,90,55.0,56.0,182.86,68.0,141.1,248.60000000000002,0,11.0
2026-05-12,Kalimantan Selatan,11.0,38.61,30.9,24.0,14.3,14.3,9.3,16.74,3.43,89,57.0,66.0,191.3,75.4,151.0,251.29999999999998,0,8.0
2026-05-13,Kalimantan Selatan,8.0,27.22,29.9,24.0,7.0,7.0,6.0,15.98,3.22,92,47.0,74.0,184.84000000000003,78.4,150.8,254.7,0,15.0
2026-05-14,Kalimantan Selatan,15.0,34.57,30.3,24.5,12.7,12.7,8.6,16.66,3.31,93,53.0,89.0,198.52,78.0,153.7,263.3,0,10.0
2026-05-15,Kalimantan Selatan,10.0,7.7,29.0,24.1,13.3,13.3,9.4,11.51,2.29,95,59.0,99.0,193.64000000000004,82.00000000000001,148.5,273.3,0,6.0
2026-05-16,Kalimantan Selatan,6.0,55.0,32.0,24.5,16.5,16.5,9.6,18.01,3.68,89,64.0,105.0,248.04000000000002,83.5,161.4,277.6,0,0.0
2026-05-17,Kalimantan Selatan,0.0,0.0,29.5,23.6,49.2,49.2,9.9,13.59,2.69,94,58.0,105.0,241.87000000000003,122.20000000000002,190.60000000000002,321.5,0,8.0
2026-05-18,Kalimantan Selatan,8.0,37.39,30.2,23.8,12.4,12.4,6.8,14.48,2.99,90,58.0,113.0,200.49,125.4,193.4,326.3,0,0.0
2026-05-19,Kalimantan Selatan,0.0,0.0,32.0,23.4,8.6,8.6,10.3,19.78,4.06,88,47.0,104.0,161.88000000000002,119.70000000000002,195.10000000000002,332.90000000000003,0,8.0
2026-05-20,Kalimantan Selatan,8.0,39.25,31.4,24.5,1.5,1.5,10.4,16.21,3.37,88,47.0,94.0,173.91000000000003,114.20000000000002,192.60000000000002,327.8,0,16.0
2026-05-21,Kalimantan Selatan,16.0,104.87,33.5,23.6,0.0,0.0,6.4,22.2,4.68,79,48.0,101.0,244.21000000000004,101.5,179.5,312.1,1,6.0
2026-05-22,Kalimantan Selatan,6.0,14.12,32.5,24.1,2.7,2.7,9.6,19.5,4.06,85,44.0,103.0,250.63000000000002,90.9,172.9,308.6,0,17.0
2026-05-23,Kalimantan Selatan,17.0,112.95,31.7,24.1,0.6,0.6,7.8,19.49,4.05,82,55.0,119.0,308.58000000000004,75.00000000000001,158.5,303.6,1,12.0
2026-05-24,Kalimantan Selatan,12.0,41.56,31.9,23.9,3.0,3.0,11.6,18.98,3.82,88,67.0,125.0,350.14000000000004,28.8,151.0,306.3,0,11.0
2026-05-25,Kalimantan Selatan,11.0,23.73,32.9,23.0,5.0,5.0,11.5,20.77,4.38,85,70.0,128.0,336.48,21.4,146.8,311.20000000000005,0,7.0
2026-05-26,Kalimantan Selatan,7.0,25.919999999999998,30.8,23.3,9.0,9.0,14.4,19.92,3.9,91,77.0,124.0,362.40000000000003,21.8,141.5,316.3,0,5.0
2026-05-27,Kalimantan Selatan,5.0,16.17,31.9,23.3,2.0,2.0,9.8,19.28,4.0,83,74.0,121.0,339.32000000000005,22.3,136.5,298.90000000000003,0,7.0
2026-05-28,Kalimantan Selatan,7.0,27.36,32.4,23.9,1.4,1.4,8.5,16.84,3.56,86,65.0,113.0,261.81000000000006,23.7,125.2,295.9,0,10.0
2026-05-29,Kalimantan Selatan,10.0,29.23,31.6,23.9,8.3,8.3,8.7,17.75,3.62,89,69.0,113.0,276.92,29.300000000000004,120.2,297.0,0,9.0
2026-05-30,Kalimantan Selatan,9.0,32.68,30.1,23.5,5.3,5.3,8.6,16.21,3.33,90,61.0,116.0,196.65000000000003,34.0,109.0,292.5,0,12.0
2026-05-31,Kalimantan Selatan,12.0,40.6,32.6,22.9,1.5,1.5,6.7,20.4,4.26,82,61.0,128.0,195.69000000000005,32.5,61.300000000000004,275.5,0,18.0
2026-06-01,Kalimantan Selatan,18.0,39.82,32.8,24.4,3.0,3.0,10.6,20.56,4.44,81,68.0,138.0,211.78000000000003,30.5,51.900000000000006,274.90000000000003,0,13.0
2026-06-02,Kalimantan Selatan,13.0,35.63,31.9,24.4,11.3,11.3,10.1,18.76,3.87,87,74.0,151.0,221.49000000000004,32.8,54.6,266.20000000000005,0,19.0
2026-06-03,Kalimantan Selatan,19.0,103.19,32.0,23.6,10.6,10.6,9.9,18.36,3.78,86,88.0,162.0,308.51,41.4,63.7,267.2,0,17.0
2026-06-04,Kalimantan Selatan,17.0,70.06,32.4,24.0,1.3,1.3,12.1,16.2,3.54,82,98.0,163.0,351.21000000000004,41.300000000000004,65.0,261.6,0,32.0
2026-06-05,Kalimantan Selatan,32.0,92.84,32.2,24.1,3.0,3.0,11.0,19.92,4.19,84,120.0,189.0,414.82000000000005,36.0,65.3,260.6,0,30.0
2026-06-06,Kalimantan Selatan,30.0,121.04,33.0,24.2,1.9,1.9,13.0,20.69,4.59,79,141.0,202.0,503.18000000000006,32.6,66.60000000000001,249.4,0,25.0
2026-06-07,Kalimantan Selatan,25.0,133.01,32.5,25.9,1.3,1.3,12.3,19.89,4.54,76,154.0,215.0,595.59,32.4,64.9,241.4,0,9.0
2026-06-08,Kalimantan Selatan,9.0,69.49000000000001,31.6,23.8,16.5,16.5,10.4,17.25,3.69,82,145.0,213.0,625.26,45.9,76.4,242.9,0,23.0
2026-06-09,Kalimantan Selatan,23.0,108.77,32.5,23.2,1.5,1.5,10.2,20.49,4.31,84,155.0,229.0,698.4,36.099999999999994,68.9,233.9,0,5.0
2026-06-10,Kalimantan Selatan,5.0,10.62,31.1,24.3,7.1,7.1,8.9,18.55,3.84,84,141.0,229.0,605.83,32.6,74.0,231.79999999999998,0,15.0
2026-06-11,Kalimantan Selatan,15.0,33.54,29.5,23.7,13.4,13.4,10.6,14.58,2.88,91,139.0,237.0,569.31,44.7,86.0,230.9,0,7.0
2026-06-12,Kalimantan Selatan,7.0,50.57,26.7,23.4,9.8,9.8,8.9,9.58,1.85,95,114.0,234.0,527.0400000000001,51.5,87.5,233.70000000000002,0,9.0
2026-06-13,Kalimantan Selatan,9.0,25.59,32.0,22.8,4.4,4.4,9.5,18.27,3.7,88,93.0,234.0,431.59000000000003,54.0,86.60000000000001,225.4,0,31.0
2026-06-14,Kalimantan Selatan,31.0,66.25,30.2,23.0,1.1,1.1,14.0,16.8,3.57,86,99.0,253.0,364.83000000000004,53.8,86.2,213.20000000000002,0,5.0
2026-06-15,Kalimantan Selatan,5.0,16.630000000000003,31.7,24.4,2.3,2.3,11.9,19.37,4.3,79,95.0,240.0,311.97,39.599999999999994,85.5,199.0,0,35.0
2026-06-16,Kalimantan Selatan,35.0,57.63,28.5,23.7,9.5,9.5,9.8,14.93,2.92,91,107.0,262.0,260.83000000000004,47.599999999999994,83.69999999999999,159.29999999999998,0,39.0
2026-06-17,Kalimantan Selatan,39.0,118.73,30.4,23.1,1.7,1.7,7.6,18.24,3.67,88,141.0,282.0,368.94000000000005,42.2,74.8,148.6,0,8.0
2026-06-18,Kalimantan Selatan,8.0,27.03,31.8,23.0,5.7,5.7,9.6,20.22,4.13,86,134.0,273.0,362.43000000000006,34.5,79.2,145.7,0,43.0
2026-06-19,Kalimantan Selatan,43.0,105.43,31.6,23.0,1.4,1.4,8.0,18.99,3.79,88,170.0,284.0,417.2900000000001,26.1,77.6,145.6,0,61.0
2026-06-20,Kalimantan Selatan,61.0,218.93,32.6,23.3,1.0,1.0,12.4,20.55,4.58,77,222.0,315.0,610.6300000000001,22.700000000000003,76.69999999999999,146.6,0,43.0
2026-06-21,Kalimantan Selatan,43.0,166.33,32.2,24.0,0.7,0.7,9.3,21.07,4.48,77,234.0,333.0,710.7100000000002,22.3,76.1,144.6,1,62.0
2026-06-22,Kalimantan Selatan,62.0,247.17000000000002,33.3,22.1,0.0,0.0,10.1,21.81,4.83,73,291.0,386.0,941.2500000000001,20.0,59.6,144.0,2,47.0
2026-06-23,Kalimantan Selatan,47.0,97.13,32.5,22.1,0.5,0.5,10.2,20.39,4.26,78,303.0,410.0,980.7500000000001,11.0,58.60000000000001,141.5,3,69.0
2026-06-24,Kalimantan Selatan,69.0,274.8,33.0,23.0,0.7,0.7,14.5,20.66,4.56,76,333.0,474.0,1136.8200000000002,10.0,52.2,137.20000000000002,4,61.0
2026-06-25,Kalimantan Selatan,61.0,357.47,32.8,22.8,1.0,1.0,13.3,20.48,4.41,77,386.0,520.0,1467.2600000000002,5.3,39.8,129.20000000000002,0,65.0
2026-06-26,Kalimantan Selatan,65.0,181.99,32.6,24.7,3.1,3.1,10.3,20.28,4.39,78,408.0,578.0,1543.8200000000002,7.0,33.1,130.29999999999998,0,48.0
2026-06-27,Kalimantan Selatan,48.0,190.42,33.1,24.0,0.7,0.7,13.9,19.86,4.42,77,395.0,617.0,1515.3100000000002,6.7,29.400000000000002,129.6,1,19.0
2026-06-28,Kalimantan Selatan,19.0,148.4,31.8,23.7,3.2,3.2,14.8,20.11,4.25,81,371.0,605.0,1497.38,9.2,31.5,124.5,0,25.0
2026-06-29,Kalimantan Selatan,25.0,241.2,32.2,23.2,0.8,0.8,14.9,19.86,4.5,80,334.0,625.0,1491.41,10.0,30.0,120.0,1,43.0
2026-06-30,Kalimantan Selatan,43.0,202.68,31.4,24.3,17.6,17.6,12.2,17.43,3.66,85,330.0,633.0,1596.9600000000003,27.1,38.1,136.1,0,7.0
2026-07-01,Kalimantan Selatan,7.0,31.95,31.2,23.1,0.9,0.9,13.0,18.98,4.03,82,268.0,601.0,1354.1100000000004,27.3,37.3,134.0,1,52.0
2026-07-02,Kalimantan Selatan,52.0,116.13,32.2,23.8,1.6,1.6,10.4,19.57,4.25,77,259.0,645.0,1112.7700000000002,27.900000000000002,33.2,124.3,0,14.0
2026-07-03,Kalimantan Selatan,14.0,110.72,31.4,23.3,10.7,10.7,6.0,18.42,3.76,86,208.0,616.0,1041.5,35.5,42.5,124.4,0,47.0
2026-07-04,Kalimantan Selatan,47.0,157.59,31.2,23.7,5.3,5.3,12.1,20.82,4.28,87,207.0,602.0,1008.6700000000001,40.1,46.8,128.4,0,82.0
2026-07-05,Kalimantan Selatan,82.0,405.13,33.3,22.8,0.5,0.5,13.6,21.15,4.77,75,270.0,641.0,1265.4,37.4,46.599999999999994,125.89999999999999,1,123.0
2026-07-06,Kalimantan Selatan,123.0,606.24,32.9,23.7,0.0,0.0,17.8,20.89,4.8,71,368.0,702.0,1630.4400000000003,36.599999999999994,46.599999999999994,124.0,2,135.0
2026-07-07,Kalimantan Selatan,135.0,552.49,32.6,23.8,0.4,0.4,17.0,21.69,5.16,71,460.0,790.0,1980.2500000000002,19.4,46.5,123.10000000000001,3,162.0
2026-07-08,Kalimantan Selatan,162.0,899.03,32.4,22.7,0.0,0.0,13.4,21.5,5.1,70,615.0,883.0,2847.33,18.5,45.800000000000004,106.60000000000001,4,142.0
2026-07-09,Kalimantan Selatan,142.0,807.78,32.5,22.2,0.0,0.0,15.5,20.82,4.95,69,705.0,964.0,3538.98,16.9,44.800000000000004,105.10000000000001,5,91.0
2026-07-10,Kalimantan Selatan,91.0,836.55,31.8,23.5,0.3,0.3,16.6,20.39,5.01,69,782.0,990.0,4264.81,6.5,42.0,98.3,6,40.0
2026-07-11,Kalimantan Selatan,40.0,166.03,32.5,23.0,0.2,0.2,16.9,20.3,4.83,70,775.0,982.0,4273.25,1.4,41.5,85.10000000000001,7,89.0
2026-07-12,Kalimantan Selatan,89.0,579.22,33.3,23.2,0.2,0.2,15.1,21.64,4.98,70,782.0,1052.0,4447.34,1.1,38.5,75.50000000000001,8,101.0
2026-07-13,Kalimantan Selatan,101.0,754.68,33.3,23.2,0.1,0.1,18.7,21.83,5.17,69,760.0,1128.0,4595.78,1.2,37.8,71.2,9,74.0
2026-07-14,Kalimantan Selatan,74.0,458.44,33.6,22.4,0.0,0.0,13.6,22.42,5.15,66,699.0,1159.0,4501.7300000000005,0.8,20.2,70.1,10,44.0
2026-07-15,Kalimantan Selatan,44.0,288.28000000000003,33.3,22.2,0.3,0.3,15.5,22.14,5.09,68,581.0,1196.0,3890.98,1.1,19.6,68.1,11,54.0
2026-07-16,Kalimantan Selatan,54.0,313.53000000000003,33.5,23.6,0.9,0.9,14.3,21.92,5.05,71,493.0,1198.0,3396.73,2.0,18.9,59.5,12,122.0
2026-07-17,Kalimantan Selatan,122.0,617.25,34.1,23.5,0.0,0.0,13.5,21.93,5.13,71,524.0,1306.0,3177.4300000000003,1.7,8.2,57.800000000000004,13,153.0
2026-07-18,Kalimantan Selatan,153.0,1092.81,33.9,23.0,0.7,0.7,14.3,21.37,4.92,70,637.0,1412.0,4104.21,2.2,3.6,52.8,14,130.0
2026-07-19,Kalimantan Selatan,130.0,537.71,33.7,22.8,0.0,0.0,14.2,22.13,5.22,69,678.0,1460.0,4062.7000000000003,1.9999999999999998,3.1,51.4,15,155.0
2026-07-20,Kalimantan Selatan,155.0,827.71,33.6,23.5,0.0,0.0,15.3,22.57,5.45,67,732.0,1492.0,4135.7300000000005,1.9,3.1,50.4,16,189.0
2026-07-21,Kalimantan Selatan,189.0,1096.09,34.1,25.1,0.0,0.0,16.5,22.32,5.65,65,847.0,1546.0,4773.38,1.9,2.7,49.699999999999996,17,102.0
2026-07-22,Kalimantan Selatan,102.0,523.0,33.0,23.8,0.4,0.4,16.9,20.3,4.98,68,905.0,1486.0,5008.1,2.0,3.1,50.099999999999994,18,151.0
2026-07-23,Kalimantan Selatan,151.0,536.11,32.7,24.6,0.1,0.1,16.2,20.71,5.31,68,1002.0,1495.0,5230.68,1.2,3.2,49.699999999999996,19,110.0
2026-07-24,Kalimantan Selatan,110.0,321.51,32.4,24.0,0.4,0.4,18.8,21.34,5.49,66,990.0,1514.0,4934.94,1.6,3.3,49.4,20,147.0
2026-07-25,Kalimantan Selatan,147.0,1312.72,32.3,23.8,2.1,2.1,19.1,21.31,5.22,68,984.0,1621.0,5154.85,3.0,5.2,50.5,0,134.0
2026-07-26,Kalimantan Selatan,134.0,823.66,33.6,23.1,0.0,0.0,16.1,22.59,5.38,68,988.0,1666.0,5440.8,3.0000000000000004,5.0,47.4,1,31.0
2026-07-27,Kalimantan Selatan,31.0,284.99,33.2,24.2,7.0,7.0,12.8,20.57,4.45,79,864.0,1596.0,4898.08,10.0,11.9,53.699999999999996,0,77.0
2026-07-28,Kalimantan Selatan,77.0,480.58000000000004,32.6,24.5,2.1,2.1,14.2,19.68,4.6,78,752.0,1599.0,4282.57,12.1,14.0,52.6,0,89.0
2026-07-29,Kalimantan Selatan,89.0,550.65,33.9,24.4,3.8,3.8,11.0,19.49,4.33,77,739.0,1644.0,4310.22,15.5,17.5,55.599999999999994,0,120.0
2026-07-30,Kalimantan Selatan,120.0,633.24,34.4,24.2,1.7,1.7,12.1,20.99,4.73,75,708.0,1710.0,4407.35,17.1,18.3,39.7,0,180.0
2026-07-31,Kalimantan Selatan,180.0,1171.21,34.6,24.2,0.1,0.1,16.3,22.55,5.53,69,778.0,1768.0,5257.05,16.8,18.400000000000002,38.9,1,308.0
2026-08-01,Kalimantan Selatan,308.0,2112.22,34.4,23.8,0.3,0.3,16.6,22.43,5.33,67,939.0,1923.0,6056.549999999999,15.0,18.0,37.599999999999994,2,266.0
2026-08-02,Kalimantan Selatan,266.0,1940.72,34.2,23.5,0.3,0.3,15.6,22.42,5.27,65,1071.0,2059.0,7173.61,15.3,18.3,27.2,3,282.0
2026-08-03,Kalimantan Selatan,282.0,2053.82,34.5,21.9,0.0,0.0,14.9,23.04,5.55,64,1322.0,2186.0,8942.44,8.3,18.3,21.9,4,220.0
2026-08-04,Kalimantan Selatan,220.0,1026.15,33.7,22.3,0.0,0.0,17.7,22.78,5.27,67,1465.0,2217.0,9488.01,6.2,18.3,21.4,5,470.0
2026-08-05,Kalimantan Selatan,470.0,3465.67,34.5,22.5,0.0,0.0,17.4,22.82,5.37,65,1846.0,2585.0,12403.03,2.4,17.9,21.4,6,555.0
2026-08-06,Kalimantan Selatan,555.0,4053.86,34.6,23.4,0.0,0.0,16.4,22.41,5.35,65,2281.0,2989.0,15823.65,0.7,17.8,21.0,7,468.0
2026-08-07,Kalimantan Selatan,468.0,3069.07,33.9,24.4,0.0,0.0,16.4,23.66,5.9,62,2569.0,3347.0,17721.510000000002,0.6000000000000001,17.4,21.0,8,694.0
2026-08-08,Kalimantan Selatan,694.0,6643.88,34.4,23.6,0.0,0.0,17.8,22.71,5.47,65,2955.0,3894.0,22253.170000000002,0.3,15.3,21.0,9,466.0
2026-08-09,Kalimantan Selatan,466.0,2690.5,33.3,23.7,0.0,0.0,15.1,22.62,5.77,64,3155.0,4226.0,23002.95,0.0,15.3,20.7,10,564.0
2026-08-10,Kalimantan Selatan,564.0,3512.95,33.5,23.3,0.0,0.0,16.0,22.72,5.3,65,3437.0,4759.0,24462.08,0.0,8.3,20.5,11,816.0
2026-08-11,Kalimantan Selatan,816.0,6502.0,34.3,22.7,0.0,0.0,17.1,23.67,5.58,64,4033.0,5498.0,29937.93,0.0,6.2,20.3,12,511.0
2026-08-12,Kalimantan Selatan,511.0,3195.6,33.4,23.6,0.0,0.0,18.2,23.01,5.35,67,4074.0,5920.0,29667.86,0.0,2.4,20.2,13,240.0
2026-08-13,Kalimantan Selatan,240.0,1337.8700000000001,34.4,24.3,0.5,0.5,18.6,22.14,5.56,67,3759.0,6040.0,26951.87,0.5,1.2,20.7,14,440.0
2026-08-14,Kalimantan Selatan,440.0,4032.57,34.1,24.4,0.8,0.8,18.7,21.95,5.3,68,3731.0,6300.0,27915.370000000003,1.3,1.9,21.2,15,659.0
2026-08-15,Kalimantan Selatan,659.0,5110.47,34.6,24.6,0.2,0.2,16.9,22.51,5.65,65,3696.0,6651.0,26381.96,1.5,1.8,20.5,16,1094.0
2026-08-16,Kalimantan Selatan,1094.0,10633.0,34.7,23.6,0.0,0.0,15.6,22.57,5.47,66,4324.0,7479.0,34324.46,1.5,1.5,20.5,17,1531.0
2026-08-17,Kalimantan Selatan,1531.0,16057.76,35.5,23.1,0.0,0.0,18.8,23.59,5.75,66,5291.0,8728.0,46869.27,1.5,1.5,19.8,18,1624.0
2026-08-18,Kalimantan Selatan,1624.0,17308.26,35.6,23.1,0.0,0.0,16.6,24.09,5.94,63,6099.0,10132.0,57675.53,1.5,1.5,19.8,19,886.0
2026-08-19,Kalimantan Selatan,886.0,8635.6,35.1,21.6,0.0,0.0,15.3,24.13,5.7,53,6474.0,10548.0,63115.53,1.5,1.5,19.8,20,968.0
2026-08-20,Kalimantan Selatan,968.0,8300.59,34.5,23.1,0.0,0.0,19.0,23.03,5.66,64,7202.0,10961.0,70078.25,1.0,1.5,19.8,21,1201.0
2026-08-21,Kalimantan Selatan,1201.0,9793.51,34.8,23.2,0.0,0.0,15.5,23.81,5.8,60,7963.0,11694.0,75839.19,0.2,1.5,19.4,22,869.0
2026-08-22,Kalimantan Selatan,869.0,5901.73,35.4,23.6,0.0,0.0,18.6,23.2,5.62,60,8173.0,11869.0,76630.45000000001,0.0,1.5,19.3,23,537.0
2026-08-23,Kalimantan Selatan,537.0,3522.1,34.9,23.9,0.2,0.2,18.3,23.23,5.7,65,7616.0,11940.0,69519.55,0.2,1.7000000000000002,19.099999999999998,24,1019.0
2026-08-24,Kalimantan Selatan,1019.0,7478.23,35.1,25.1,0.0,0.0,18.5,23.03,6.22,62,7104.0,12395.0,60940.020000000004,0.2,1.7000000000000002,17.0,25,1372.0
2026-08-25,Kalimantan Selatan,1372.0,7756.63,34.5,24.2,0.0,0.0,20.4,23.99,6.63,59,6852.0,12951.0,51388.39,0.2,1.7000000000000002,17.0,26,1918.0
2026-08-26,Kalimantan Selatan,1918.0,16167.1,34.6,22.3,0.0,0.0,19.1,24.44,6.24,60,7884.0,14358.0,58919.89,0.2,1.7000000000000002,10.0,27,1470.0
2026-08-27,Kalimantan Selatan,1470.0,13384.82,34.9,22.0,0.0,0.0,20.4,22.8,5.93,61,8386.0,15588.0,64004.119999999995,0.2,1.2000000000000002,7.9,28,3641.0
2026-08-28,Kalimantan Selatan,3641.0,33279.39,34.7,20.8,0.0,0.0,18.1,23.92,6.26,60,10826.0,18789.0,87490.0,0.2,0.4,4.1,29,2488.0
2026-08-29,Kalimantan Selatan,2488.0,21133.61,35.9,20.0,0.0,0.0,19.0,24.72,5.99,58,12445.0,20618.0,102721.87999999999,0.2,0.2,2.4000000000000004,30,729.0
2026-01-10,Kalimantan Tengah,3.0,9.07,31.4,23.0,12.9,12.9,13.0,19.67,3.88,89,3.0,3.0,9.07,12.9,12.9,12.9,0,0.0
2026-01-11,Kalimantan Tengah,0.0,0.0,27.2,22.8,10.7,10.7,11.5,11.47,2.29,94,3.0,3.0,9.07,23.6,23.6,23.6,0,5.0
2026-01-12,Kalimantan Tengah,5.0,13.73,30.6,22.9,0.1,0.1,12.5,17.93,4.05,78,8.0,8.0,22.8,23.7,23.7,23.7,1,2.0
2026-01-13,Kalimantan Tengah,2.0,2.86,31.9,24.0,0.0,0.0,12.2,19.98,4.65,75,10.0,10.0,25.66,23.7,23.7,23.7,2,25.0
2026-01-14,Kalimantan Tengah,25.0,374.25,31.2,23.6,0.0,0.0,15.7,20.87,4.7,76,35.0,35.0,399.91,23.7,23.7,23.7,3,28.0
2026-01-15,Kalimantan Tengah,28.0,245.04,31.0,23.6,0.0,0.0,15.2,20.74,4.8,74,63.0,63.0,644.95,23.7,23.7,23.7,4,68.0
2026-01-16,Kalimantan Tengah,68.0,757.43,33.0,22.8,0.0,0.0,16.7,24.44,5.6,72,131.0,131.0,1402.38,23.7,23.7,23.7,5,20.0
2026-01-17,Kalimantan Tengah,20.0,148.35,33.5,23.9,0.1,0.1,14.1,24.16,5.64,71,148.0,151.0,1541.66,10.899999999999999,23.8,23.8,6,64.0
2026-01-18,Kalimantan Tengah,64.0,1105.02,32.9,22.9,0.0,0.0,14.1,25.1,5.72,70,212.0,215.0,2646.6800000000003,0.2,23.8,23.8,7,89.0
2026-01-19,Kalimantan Tengah,89.0,974.53,33.3,23.7,0.0,0.0,12.5,24.49,5.72,69,296.0,304.0,3607.48,0.1,23.8,23.8,8,79.0
2026-01-20,Kalimantan Tengah,79.0,591.46,32.8,23.1,0.0,0.0,14.8,24.36,5.75,69,373.0,383.0,4196.08,0.1,23.8,23.8,9,38.0
2026-01-21,Kalimantan Tengah,38.0,794.45,31.0,22.9,0.0,0.0,16.0,18.15,4.45,71,386.0,421.0,4616.28,0.1,23.8,23.8,10,25.0
2026-01-22,Kalimantan Tengah,25.0,37.75,31.6,23.6,0.0,0.0,13.4,15.98,3.98,72,383.0,446.0,4408.99,0.1,23.8,23.8,11,25.0
2026-01-23,Kalimantan Tengah,25.0,90.79,33.2,21.8,0.0,0.0,13.8,24.88,5.72,70,340.0,471.0,3742.3500000000004,0.1,23.8,23.8,12,15.0
2026-01-24,Kalimantan Tengah,15.0,115.59,31.7,23.4,0.4,0.4,12.2,21.54,4.71,74,335.0,483.0,3709.59,0.4,11.299999999999999,24.2,13,16.0
2026-01-25,Kalimantan Tengah,16.0,81.66,31.2,23.3,3.4,3.4,11.0,20.82,4.31,85,287.0,499.0,2686.23,3.8,4.0,27.6,0,12.0
2026-01-26,Kalimantan Tengah,12.0,126.72,32.8,23.0,1.9,1.9,12.6,22.36,4.74,79,210.0,506.0,1838.42,5.699999999999999,5.8,29.5,0,9.0
2026-01-27,Kalimantan Tengah,9.0,44.15,33.5,23.3,0.2,0.2,11.8,22.23,5.1,72,140.0,513.0,1291.1100000000001,5.8999999999999995,6.0,29.7,1,3.0
2026-01-28,Kalimantan Tengah,3.0,6.619999999999999,32.3,23.7,0.2,0.2,12.7,18.39,4.14,75,105.0,491.0,503.28000000000003,6.1,6.2,29.9,2,44.0
2026-01-29,Kalimantan Tengah,44.0,572.6,32.0,23.2,1.7,1.7,13.7,18.73,4.03,81,124.0,507.0,1038.13,7.8,7.9,31.6,0,18.0
2026-01-30,Kalimantan Tengah,18.0,114.14,32.8,23.3,7.3,7.3,10.9,18.79,3.89,88,117.0,457.0,1061.48,15.1,15.2,38.9,0,5.0
2026-01-31,Kalimantan Tengah,5.0,31.36,29.7,23.4,14.2,14.2,6.1,16.4,3.27,92,107.0,442.0,977.25,28.9,29.299999999999997,53.099999999999994,0,4.0
2026-02-01,Kalimantan Tengah,4.0,22.89,29.5,22.7,36.4,36.4,12.1,15.46,3.1,93,95.0,382.0,918.48,61.9,65.69999999999999,89.5,0,5.0
2026-02-02,Kalimantan Tengah,5.0,4.16,29.8,22.9,16.6,16.6,9.5,14.73,2.98,90,88.0,298.0,795.92,76.6,82.3,106.1,0,17.0
2026-02-03,Kalimantan Tengah,17.0,143.54,30.9,22.6,23.7,23.7,8.0,17.99,3.63,90,96.0,236.0,895.3100000000001,100.1,106.0,129.8,0,0.0
2026-02-04,Kalimantan Tengah,0.0,0.0,27.8,22.0,23.3,23.3,7.4,13.53,2.62,96,93.0,198.0,888.69,123.19999999999999,129.3,153.1,0,7.0
2026-02-05,Kalimantan Tengah,7.0,29.8,32.0,23.0,8.3,8.3,15.5,22.77,4.69,86,56.0,180.0,345.89,129.79999999999998,137.6,161.4,0,0.0
2026-02-06,Kalimantan Tengah,0.0,0.0,30.1,22.9,7.7,7.7,11.9,17.55,3.56,90,38.0,155.0,231.75000000000003,130.2,145.3,169.1,0,20.0
2026-02-07,Kalimantan Tengah,20.0,299.21999999999997,31.9,23.0,2.5,2.5,12.6,21.64,4.49,84,53.0,160.0,499.61,118.50000000000001,147.4,171.6,0,10.0
2026-02-08,Kalimantan Tengah,10.0,68.68,31.5,22.9,0.2,0.2,12.1,20.53,4.52,79,59.0,154.0,545.4,82.3,144.2,171.8,1,17.0
2026-02-09,Kalimantan Tengah,17.0,229.29,32.2,23.1,7.3,7.3,9.7,22.5,4.81,80,71.0,159.0,770.53,73.0,149.60000000000002,166.2,0,0.0
2026-02-10,Kalimantan Tengah,0.0,0.0,28.8,23.8,6.7,6.7,7.5,11.89,2.44,89,54.0,150.0,626.9899999999999,56.00000000000001,156.1,162.20000000000002,0,10.0
2026-02-11,Kalimantan Tengah,10.0,139.6,30.3,22.7,11.1,11.1,9.0,17.79,3.71,86,64.0,157.0,766.5899999999999,43.8,167.0,173.20000000000002,0,0.0
2026-02-12,Kalimantan Tengah,0.0,0.0,31.0,22.9,16.3,16.3,13.0,21.5,4.3,90,57.0,113.0,736.79,51.800000000000004,181.6,189.5,0,0.0
2026-02-13,Kalimantan Tengah,0.0,0.0,28.7,22.8,19.5,19.5,12.9,12.6,2.47,94,57.0,95.0,736.79,63.6,193.8,209.0,0,1.0
2026-02-14,Kalimantan Tengah,1.0,5.6,31.6,22.5,4.2,4.2,12.5,21.26,4.34,89,38.0,91.0,443.17,65.3,183.79999999999998,213.20000000000002,0,0.0
2026-02-15,Kalimantan Tengah,0.0,0.0,30.8,23.2,2.3,2.3,8.3,16.95,3.45,90,28.0,87.0,374.49,67.4,149.70000000000002,215.5,0,6.0
2026-02-16,Kalimantan Tengah,6.0,27.68,30.7,22.7,19.6,19.6,9.1,18.22,3.74,88,17.0,88.0,172.88,79.7,152.70000000000002,235.0,0,0.0
2026-02-17,Kalimantan Tengah,0.0,0.0,28.0,22.3,18.9,18.9,14.4,13.49,2.63,96,17.0,71.0,172.88,91.9,147.9,253.89999999999998,0,0.0
2026-02-18,Kalimantan Tengah,0.0,0.0,32.0,22.5,17.4,17.4,16.5,20.25,4.07,92,7.0,71.0,33.28,98.2,142.0,271.3,0,0.0
2026-02-19,Kalimantan Tengah,0.0,0.0,29.8,23.0,16.1,16.1,8.0,16.28,3.2,93,7.0,64.0,33.28,98.0,149.79999999999998,287.4,0,2.0
2026-02-20,Kalimantan Tengah,2.0,6.93,30.6,22.1,22.9,22.9,12.6,21.05,4.24,90,9.0,66.0,40.21,101.4,165.0,310.3,0,0.0
2026-02-21,Kalimantan Tengah,0.0,0.0,26.7,23.6,6.3,6.3,6.7,8.27,1.71,95,8.0,46.0,34.61,103.5,168.8,316.59999999999997,0,0.0
2026-02-22,Kalimantan Tengah,0.0,0.0,31.3,23.4,13.0,13.0,11.9,20.34,4.19,86,8.0,36.0,34.61,114.19999999999999,181.60000000000002,329.59999999999997,0,0.0
2026-02-23,Kalimantan Tengah,0.0,0.0,30.6,23.0,18.2,18.2,8.6,19.14,3.81,92,2.0,19.0,6.93,112.8,192.5,347.40000000000003,0,0.0
2026-02-24,Kalimantan Tengah,0.0,0.0,29.7,23.6,4.3,4.3,13.7,18.26,3.72,88,2.0,19.0,6.93,98.2,190.10000000000002,348.29999999999995,0,2.0
2026-02-25,Kalimantan Tengah,2.0,2.9299999999999997,28.8,22.9,1.5,1.5,11.2,12.94,2.74,87,4.0,11.0,9.86,82.3,180.5,347.9,0,6.0
2026-02-26,Kalimantan Tengah,6.0,48.71,32.6,22.9,5.9,5.9,14.7,23.08,4.9,83,10.0,17.0,58.57,72.1,170.1,353.6,0,0.0
2026-02-27,Kalimantan Tengah,0.0,0.0,31.9,23.4,0.1,0.1,12.0,21.67,4.66,80,8.0,17.0,51.64,49.3,150.70000000000002,353.5,1,10.0
2026-02-28,Kalimantan Tengah,10.0,42.9,32.7,23.0,0.0,0.0,10.4,21.55,4.75,77,18.0,26.0,94.53999999999999,43.0,146.5,351.79999999999995,2,11.0
2026-03-01,Kalimantan Tengah,11.0,368.24,33.0,23.7,7.9,7.9,8.7,21.93,4.74,78,29.0,37.0,462.78,37.9,152.1,352.40000000000003,0,7.0
2026-03-02,Kalimantan Tengah,7.0,62.32,32.0,23.8,2.2,2.2,11.3,20.53,4.31,86,36.0,38.0,525.1,21.9,134.70000000000002,340.4,0,17.0
2026-03-03,Kalimantan Tengah,17.0,136.19,32.5,23.7,4.1,4.1,12.0,18.17,3.98,84,53.0,55.0,661.29,21.7,119.9,308.1,0,2.0
2026-03-04,Kalimantan Tengah,2.0,28.6,33.1,23.2,1.2,1.2,11.1,21.83,4.67,82,53.0,57.0,686.96,21.4,103.7,292.7,0,4.0
2026-03-05,Kalimantan Tengah,4.0,188.63,32.6,23.4,15.8,15.8,15.4,22.55,4.6,88,51.0,61.0,826.88,31.3,103.39999999999999,284.8,0,0.0
2026-03-06,Kalimantan Tengah,0.0,0.0,32.1,24.1,16.6,16.6,12.1,18.28,3.74,90,51.0,59.0,826.88,47.8,97.1,278.09999999999997,0,3.0
2026-03-07,Kalimantan Tengah,3.0,14.309999999999999,31.2,23.7,5.7,5.7,14.3,18.01,3.78,88,44.0,62.0,798.29,53.5,96.5,275.5,0,1.0
2026-03-08,Kalimantan Tengah,1.0,10.4,28.9,23.2,2.8,2.8,6.9,18.38,3.66,92,34.0,63.0,440.44999999999993,48.400000000000006,86.30000000000001,270.59999999999997,0,1.0
2026-03-09,Kalimantan Tengah,1.0,3.76,28.6,22.6,16.2,16.2,11.9,13.69,2.8,92,28.0,64.0,381.88999999999993,62.4,84.3,284.29999999999995,0,0.0
2026-03-10,Kalimantan Tengah,0.0,0.0,31.4,22.8,9.0,9.0,15.6,19.92,3.95,90,11.0,64.0,245.69999999999993,67.3,89.0,293.09999999999997,0,1.0
2026-03-11,Kalimantan Tengah,1.0,9.7,31.9,22.4,0.2,0.2,12.8,23.32,5.02,80,10.0,63.0,226.79999999999993,66.3,87.7,286.0,1,0.0
2026-03-12,Kalimantan Tengah,0.0,0.0,32.5,23.8,0.6,0.6,12.2,24.42,5.29,78,6.0,57.0,38.169999999999945,51.099999999999994,82.39999999999999,279.9,2,41.0
2026-03-13,Kalimantan Tengah,41.0,384.25,33.0,23.2,1.9,1.9,9.3,25.41,5.47,77,47.0,98.0,422.41999999999996,36.400000000000006,84.2,270.70000000000005,0,59.0
2026-03-14,Kalimantan Tengah,59.0,509.96,33.1,23.1,3.1,3.1,9.5,23.97,4.91,83,103.0,147.0,918.0699999999999,33.8,87.3,257.5,0,13.0
2026-03-15,Kalimantan Tengah,13.0,151.01,30.8,22.2,19.7,19.7,9.7,21.14,4.28,87,115.0,149.0,1058.6799999999998,50.7,99.1,257.7,0,1.0
2026-03-16,Kalimantan Tengah,1.0,0.52,28.1,22.5,26.7,26.7,10.5,13.65,2.7,93,115.0,143.0,1055.44,61.199999999999996,123.6,280.2,0,3.0
2026-03-17,Kalimantan Tengah,3.0,8.530000000000001,31.2,22.4,8.5,8.5,10.9,20.08,4.1,87,118.0,129.0,1063.97,60.7,128.0,286.4,0,2.0
2026-03-18,Kalimantan Tengah,2.0,8.43,31.3,22.4,18.6,18.6,11.7,18.82,3.87,89,119.0,129.0,1062.6999999999998,79.1,145.4,285.40000000000003,0,0.0
2026-03-19,Kalimantan Tengah,0.0,0.0,30.4,22.6,9.8,9.8,9.6,17.81,3.53,93,119.0,125.0,1062.6999999999998,88.30000000000001,139.4,276.3,0,1.0
2026-03-20,Kalimantan Tengah,1.0,2.05,32.0,22.6,7.2,7.2,9.8,21.67,4.33,89,79.0,126.0,680.4999999999999,93.60000000000001,130.0,266.1,0,4.0
2026-03-21,Kalimantan Tengah,4.0,45.08,30.3,23.0,5.6,5.6,9.3,19.8,3.93,92,24.0,127.0,215.61999999999995,96.10000000000001,129.9,255.6,0,10.0
2026-03-22,Kalimantan Tengah,10.0,50.3,31.1,23.5,5.9,5.9,12.9,17.04,3.51,89,21.0,136.0,114.90999999999994,82.30000000000001,133.0,238.60000000000002,0,4.0
2026-03-23,Kalimantan Tengah,4.0,11.14,32.8,23.4,1.0,1.0,9.7,24.35,5.16,80,24.0,139.0,125.52999999999994,56.6,117.80000000000001,233.3,0,38.0
2026-03-24,Kalimantan Tengah,38.0,367.88,33.3,22.2,0.0,0.0,9.9,25.72,5.64,72,59.0,177.0,484.87999999999994,48.1,108.80000000000001,220.3,1,10.0
2026-03-25,Kalimantan Tengah,10.0,65.17,34.7,22.8,0.0,0.0,11.0,25.98,5.84,68,67.0,186.0,541.6199999999999,29.5,108.60000000000001,202.10000000000002,2,36.0
2026-03-26,Kalimantan Tengah,36.0,366.95,33.0,23.8,0.8,0.8,9.5,24.52,5.19,77,103.0,222.0,908.5699999999999,20.5,108.80000000000001,198.6,3,9.0
2026-03-27,Kalimantan Tengah,9.0,105.67,31.5,23.4,4.4,4.4,13.1,21.3,4.47,81,111.0,190.0,1012.1899999999999,17.700000000000003,111.3,201.5,0,3.0
2026-03-28,Kalimantan Tengah,3.0,5.46,31.4,22.7,12.0,12.0,11.3,21.11,4.28,87,110.0,134.0,972.5699999999999,24.1,120.2,207.6,0,20.0
2026-03-29,Kalimantan Tengah,20.0,154.68,31.8,22.0,7.0,7.0,15.1,19.71,3.99,89,120.0,141.0,1076.95,25.200000000000003,107.5,214.5,0,0.0
2026-03-30,Kalimantan Tengah,0.0,0.0,29.5,22.6,18.4,18.4,7.7,10.76,2.15,96,116.0,140.0,1065.81,42.6,99.2,232.9,0,1.0
2026-03-31,Kalimantan Tengah,1.0,0.66,32.0,22.8,6.7,6.7,9.3,22.18,4.61,83,79.0,138.0,698.59,49.300000000000004,97.4,231.7,0,7.0
2026-04-01,Kalimantan Tengah,7.0,26.6,31.3,23.3,26.4,26.4,8.9,19.66,4.0,90,76.0,143.0,660.02,75.7,105.2,255.9,0,0.0
2026-04-02,Kalimantan Tengah,0.0,0.0,28.0,23.1,37.6,37.6,7.6,12.02,2.41,95,40.0,143.0,293.06999999999994,112.5,133.0,289.4,0,0.0
2026-04-03,Kalimantan Tengah,0.0,0.0,28.9,22.9,2.0,2.0,10.8,15.25,3.08,89,31.0,142.0,187.39999999999992,110.1,127.8,290.20000000000005,0,6.0
2026-04-04,Kalimantan Tengah,6.0,28.72,31.9,23.2,13.9,13.9,10.3,23.26,4.8,85,34.0,144.0,210.65999999999994,112.0,136.1,288.3,0,3.0
2026-04-05,Kalimantan Tengah,3.0,8.7,29.4,23.0,8.0,8.0,9.5,17.01,3.37,91,17.0,137.0,64.67999999999995,113.0,138.2,279.7,0,7.0
2026-04-06,Kalimantan Tengah,7.0,102.16,29.0,22.6,18.6,18.6,11.2,17.03,3.36,92,24.0,140.0,166.83999999999995,113.19999999999999,155.8,292.6,0,2.0
2026-04-07,Kalimantan Tengah,2.0,2.03,32.3,22.8,12.0,12.0,10.0,23.21,4.69,86,25.0,104.0,168.20999999999995,118.5,167.8,301.79999999999995,0,0.0
2026-04-08,Kalimantan Tengah,0.0,0.0,31.0,22.3,1.4,1.4,13.6,19.85,3.95,89,18.0,94.0,141.60999999999996,93.5,169.2,287.0,0,8.0
2026-04-09,Kalimantan Tengah,8.0,89.42,32.3,23.0,29.0,29.0,8.7,21.07,4.32,88,26.0,66.0,231.02999999999997,84.9,197.4,307.0,0,0.0
2026-04-10,Kalimantan Tengah,0.0,0.0,30.7,23.1,18.2,18.2,13.0,16.5,3.35,92,26.0,57.0,231.02999999999997,101.1,211.20000000000002,325.0,0,1.0
2026-04-11,Kalimantan Tengah,1.0,5.55,32.4,23.0,11.9,11.9,7.7,23.34,4.78,87,21.0,55.0,207.85999999999996,99.1,211.1,336.29999999999995,0,3.0
2026-04-12,Kalimantan Tengah,3.0,12.719999999999999,33.1,23.5,3.9,3.9,16.2,23.08,4.78,86,21.0,38.0,211.87999999999994,94.99999999999999,208.0,338.3,0,1.0
2026-04-13,Kalimantan Tengah,1.0,0.9,31.2,22.8,17.7,17.7,8.6,18.5,3.85,87,15.0,39.0,110.61999999999995,94.1,207.3,352.9,0,16.0
2026-04-14,Kalimantan Tengah,16.0,312.3,32.3,23.3,29.1,29.1,9.8,22.86,4.74,86,29.0,54.0,420.89,111.2,229.70000000000002,362.3,0,0.0
2026-04-15,Kalimantan Tengah,0.0,0.0,31.0,23.3,30.5,30.5,8.3,15.97,3.17,95,29.0,47.0,420.88999999999993,140.29999999999998,233.8,366.1,0,3.0
2026-04-16,Kalimantan Tengah,3.0,34.230000000000004,30.9,23.0,2.6,2.6,8.8,15.19,3.05,92,24.0,50.0,365.69999999999993,113.89999999999999,198.79999999999998,360.2,0,2.0
2026-04-17,Kalimantan Tengah,2.0,5.96,31.9,23.7,10.6,10.6,8.1,20.57,4.15,89,26.0,52.0,371.6599999999999,106.30000000000001,207.4,352.2,0,7.0
2026-04-18,Kalimantan Tengah,7.0,122.88,31.1,22.4,16.9,16.9,13.2,19.29,3.82,92,32.0,53.0,488.9899999999999,111.3,210.4,359.29999999999995,0,3.0
2026-04-19,Kalimantan Tengah,3.0,15.57,30.5,23.2,2.5,2.5,8.7,18.31,3.62,92,32.0,53.0,491.8399999999999,109.9,204.9,354.59999999999997,0,2.0
2026-04-20,Kalimantan Tengah,2.0,3.11,32.1,22.7,14.3,14.3,10.1,23.4,4.72,88,33.0,48.0,494.04999999999995,106.5,200.60000000000002,363.3,0,3.0
2026-04-21,Kalimantan Tengah,3.0,16.62,30.0,23.3,18.5,18.5,10.5,18.26,3.61,93,20.0,49.0,198.36999999999995,95.89999999999999,207.10000000000002,375.9,0,0.0
2026-04-22,Kalimantan Tengah,0.0,0.0,26.6,22.7,27.7,27.7,6.1,7.46,1.48,97,20.0,49.0,198.36999999999995,93.1,233.4,402.59999999999997,0,10.0
2026-04-23,Kalimantan Tengah,10.0,6.19,32.1,23.1,0.8,0.8,8.2,22.1,4.54,87,27.0,51.0,170.32999999999993,91.3,205.20000000000002,403.4,1,11.0
2026-04-24,Kalimantan Tengah,11.0,444.36,32.6,24.1,0.3,0.3,14.0,23.38,4.96,81,36.0,62.0,608.73,80.99999999999999,187.29999999999998,403.7,2,14.0
2026-04-25,Kalimantan Tengah,14.0,128.25,33.7,23.8,0.1,0.1,15.2,24.22,5.42,73,43.0,75.0,614.0999999999999,64.2,175.5,402.99999999999994,3,40.0
2026-04-26,Kalimantan Tengah,40.0,512.27,33.2,23.9,2.3,2.3,10.0,23.77,5.12,74,80.0,112.0,1110.7999999999997,64.0,173.9,400.9,0,6.0
2026-04-27,Kalimantan Tengah,6.0,27.97,28.9,22.8,23.4,23.4,11.1,16.91,3.23,92,84.0,117.0,1135.6599999999999,73.1,179.6,412.3,0,2.0
2026-04-28,Kalimantan Tengah,2.0,8.0,31.4,23.5,10.8,10.8,7.2,20.61,4.21,84,83.0,103.0,1127.0399999999997,65.4,161.29999999999998,416.09999999999997,0,7.0
2026-04-29,Kalimantan Tengah,7.0,127.60000000000001,32.6,23.4,10.5,10.5,12.0,21.12,4.34,88,90.0,110.0,1254.6399999999999,48.2,141.29999999999998,408.2,0,0.0
2026-04-30,Kalimantan Tengah,0.0,0.0,29.7,22.9,3.3,3.3,9.2,13.59,2.68,93,80.0,107.0,1248.45,50.7,142.0,404.79999999999995,0,0.0
2026-05-01,Kalimantan Tengah,0.0,0.0,31.2,23.3,10.6,10.6,8.5,20.49,4.23,87,69.0,105.0,804.0899999999999,61.0,142.0,389.0,0,0.0
2026-05-02,Kalimantan Tengah,0.0,0.0,32.5,22.6,5.8,5.8,9.3,22.61,4.57,87,55.0,98.0,675.8399999999999,66.69999999999999,130.9,357.2,0,0.0
2026-05-03,Kalimantan Tengah,0.0,0.0,27.3,23.0,8.8,8.8,8.8,9.89,1.96,94,15.0,95.0,163.56999999999988,73.2,137.2,364.0,0,0.0
2026-05-04,Kalimantan Tengah,0.0,0.0,30.9,23.3,18.8,18.8,7.4,17.42,3.56,91,9.0,93.0,135.5999999999999,68.6,141.7,368.9,0,2.0
2026-05-05,Kalimantan Tengah,2.0,6.33,30.5,22.7,0.6,0.6,8.4,17.54,3.6,88,9.0,92.0,133.9299999999999,58.400000000000006,123.8,361.5,1,9.0
2026-05-06,Kalimantan Tengah,9.0,38.79,31.4,22.8,12.0,12.0,7.1,18.54,3.78,90,11.0,101.0,45.119999999999884,59.900000000000006,108.1,354.9,0,1.0
2026-05-07,Kalimantan Tengah,1.0,2.27,31.0,23.9,10.3,10.3,8.9,18.59,3.8,90,12.0,92.0,47.38999999999989,66.9,117.60000000000001,353.2,0,1.0
2026-05-08,Kalimantan Tengah,1.0,6.23,30.6,23.4,23.5,23.5,7.3,17.86,3.57,92,13.0,82.0,53.619999999999884,79.80000000000001,140.8,375.3,0,3.0
2026-05-09,Kalimantan Tengah,3.0,1.6800000000000002,28.2,23.6,25.8,25.8,8.5,11.12,2.27,93,16.0,71.0,55.29999999999988,99.80000000000001,166.5,372.09999999999997,0,4.0
2026-05-10,Kalimantan Tengah,4.0,5.76,30.7,23.6,20.4,20.4,8.8,17.37,3.51,90,20.0,35.0,61.05999999999988,111.39999999999999,184.6,374.3,0,3.0
2026-05-11,Kalimantan Tengah,3.0,24.07,32.4,23.6,15.6,15.6,7.4,20.9,4.29,89,23.0,32.0,85.12999999999988,108.2,176.79999999999998,378.0,0,1.0
2026-05-12,Kalimantan Tengah,1.0,1.85,30.2,23.0,33.5,33.5,8.8,16.38,3.31,91,22.0,31.0,80.64999999999988,141.1,199.5,407.59999999999997,0,2.0
2026-05-13,Kalimantan Tengah,2.0,36.57,30.8,23.9,18.7,18.7,8.5,17.07,3.45,91,15.0,26.0,78.4299999999999,147.8,207.70000000000002,408.6,0,0.0
2026-05-14,Kalimantan Tengah,0.0,0.0,32.7,23.5,10.7,10.7,6.0,21.28,4.36,88,14.0,26.0,76.15999999999988,148.2,215.1,390.2,0,0.0
2026-05-15,Kalimantan Tengah,0.0,0.0,27.7,23.9,16.4,16.4,9.4,13.29,2.63,94,13.0,26.0,69.9299999999999,141.1,220.9,376.09999999999997,0,0.0
2026-05-16,Kalimantan Tengah,0.0,0.0,31.1,23.8,17.5,17.5,8.9,19.99,4.04,89,10.0,26.0,68.24999999999989,132.79999999999998,232.6,391.0,0,0.0
2026-05-17,Kalimantan Tengah,0.0,0.0,28.9,23.8,42.5,42.5,7.3,12.61,2.46,96,6.0,26.0,62.48999999999989,154.9,266.3,422.9,0,0.0
2026-05-18,Kalimantan Tengah,0.0,0.0,31.4,24.0,16.3,16.3,9.2,19.8,4.09,87,3.0,26.0,38.41999999999989,155.6,263.8,422.3,0,2.0
2026-05-19,Kalimantan Tengah,2.0,6.210000000000001,32.3,23.9,13.1,13.1,13.4,20.33,4.14,89,4.0,26.0,42.77999999999989,135.20000000000002,276.29999999999995,432.90000000000003,0,11.0
2026-05-20,Kalimantan Tengah,11.0,57.85,32.1,23.9,4.0,4.0,7.7,20.36,4.13,90,13.0,28.0,64.05999999999989,120.5,268.29999999999995,422.6,0,19.0
2026-05-21,Kalimantan Tengah,19.0,223.42,33.5,24.9,6.0,6.0,7.2,21.04,4.29,89,32.0,46.0,287.4799999999999,115.8,264.0,410.1,0,6.0
2026-05-22,Kalimantan Tengah,6.0,78.68,32.4,23.5,50.8,50.8,15.1,21.19,4.35,88,38.0,51.0,366.15999999999985,150.2,291.29999999999995,433.2,0,0.0
2026-05-23,Kalimantan Tengah,0.0,0.0,31.6,23.3,10.4,10.4,9.2,20.17,4.13,87,38.0,48.0,366.15999999999985,143.1,275.9,442.8,0,1.0
2026-05-24,Kalimantan Tengah,1.0,4.89,31.5,24.1,36.0,36.0,10.1,20.4,4.15,89,39.0,45.0,371.0499999999999,136.6,291.5,478.5,0,0.0
2026-05-25,Kalimantan Tengah,0.0,0.0,30.7,23.4,14.0,14.0,11.7,18.86,3.81,89,39.0,42.0,371.0499999999999,134.29999999999998,289.9,492.40000000000003,0,0.0
2026-05-26,Kalimantan Tengah,0.0,0.0,30.4,23.2,17.2,17.2,11.7,19.44,3.87,92,37.0,41.0,364.8399999999999,138.4,273.59999999999997,507.3,0,0.0
2026-05-27,Kalimantan Tengah,0.0,0.0,28.5,22.6,3.4,3.4,10.7,12.29,2.42,93,26.0,39.0,306.9899999999999,137.79999999999998,258.29999999999995,487.29999999999995,0,2.0
2026-05-28,Kalimantan Tengah,2.0,6.16,31.5,23.3,16.3,16.3,12.4,20.27,4.14,88,9.0,41.0,89.72999999999989,148.1,263.9,492.8,0,3.0
2026-05-29,Kalimantan Tengah,3.0,12.59,30.9,23.0,8.3,8.3,12.7,17.53,3.53,90,6.0,44.0,23.639999999999887,105.6,255.79999999999998,490.6,0,3.0
2026-05-30,Kalimantan Tengah,3.0,18.51,31.5,23.2,9.2,9.2,13.6,20.11,4.11,88,9.0,47.0,42.14999999999989,104.39999999999999,247.5,496.5,0,2.0
2026-05-31,Kalimantan Tengah,2.0,3.66,30.7,23.9,9.2,9.2,6.1,18.33,3.69,91,10.0,49.0,40.91999999999989,77.60000000000001,214.2,495.09999999999997,0,7.0
2026-06-01,Kalimantan Tengah,7.0,27.52,32.2,23.3,10.3,10.3,8.8,21.13,4.32,86,17.0,56.0,68.43999999999988,73.9,208.2,499.59999999999997,0,13.0
2026-06-02,Kalimantan Tengah,13.0,174.87,28.1,23.8,2.7,2.7,8.8,11.08,2.28,91,30.0,67.0,243.3099999999999,59.4,197.79999999999998,493.5,0,34.0
2026-06-03,Kalimantan Tengah,34.0,262.69,31.3,24.0,7.1,7.1,8.1,17.5,3.62,87,64.0,90.0,505.9999999999999,63.099999999999994,200.89999999999998,481.8,0,34.0
2026-06-04,Kalimantan Tengah,34.0,480.53,31.8,23.9,5.2,5.2,15.1,18.12,3.73,89,96.0,105.0,980.3699999999999,52.0,200.09999999999997,486.4,0,60.0
2026-06-05,Kalimantan Tengah,60.0,764.88,32.0,23.6,0.6,0.6,10.4,21.04,4.39,86,153.0,159.0,1732.6599999999999,44.300000000000004,149.9,475.0,1,34.0
2026-06-06,Kalimantan Tengah,34.0,244.8,32.4,24.2,3.3,3.3,11.3,20.89,4.32,85,184.0,193.0,1958.9499999999998,38.4,142.79999999999998,467.99999999999994,0,12.0
2026-06-07,Kalimantan Tengah,12.0,78.53,31.4,23.2,16.9,16.9,9.0,16.66,3.35,92,194.0,204.0,2033.8199999999997,46.099999999999994,123.69999999999999,461.4,0,0.0
2026-06-08,Kalimantan Tengah,0.0,0.0,29.6,23.4,41.2,41.2,8.8,13.05,2.53,96,187.0,204.0,2006.2999999999997,77.0,150.89999999999998,476.8,0,4.0
2026-06-09,Kalimantan Tengah,4.0,6.4399999999999995,30.7,23.2,2.1,2.1,5.9,19.38,3.92,87,178.0,208.0,1837.87,76.39999999999999,135.8,458.5,0,16.0
2026-06-10,Kalimantan Tengah,16.0,105.10000000000001,30.1,23.1,7.0,7.0,8.6,17.15,3.41,90,160.0,224.0,1680.28,76.3,139.4,449.90000000000003,0,3.0
2026-06-11,Kalimantan Tengah,3.0,13.120000000000001,29.4,22.9,18.9,18.9,10.5,17.16,3.34,93,129.0,225.0,1212.87,90.0,142.0,435.3,0,0.0
2026-06-12,Kalimantan Tengah,0.0,0.0,29.7,22.6,24.1,24.1,9.0,17.43,3.49,92,69.0,222.0,447.9899999999998,113.5,157.79999999999998,440.7,0,3.0
2026-06-13,Kalimantan Tengah,3.0,15.280000000000001,30.9,22.3,0.5,0.5,10.0,20.71,4.21,85,38.0,222.0,218.46999999999977,110.69999999999999,149.1,430.5,1,6.0
2026-06-14,Kalimantan Tengah,6.0,49.08,31.0,22.9,9.5,9.5,10.6,12.12,2.62,86,32.0,226.0,189.01999999999978,103.30000000000001,149.4,423.6,0,14.0
2026-06-15,Kalimantan Tengah,14.0,83.29,31.8,24.2,1.3,1.3,10.9,20.51,4.39,80,46.0,233.0,272.3099999999998,63.4,140.4,407.4,0,1.0
2026-06-16,Kalimantan Tengah,1.0,4.13,27.6,23.1,30.7,30.7,7.8,14.21,2.72,96,43.0,221.0,269.9999999999998,92.0,168.4,395.6,0,5.0
2026-06-17,Kalimantan Tengah,5.0,26.2,30.4,23.3,4.9,4.9,7.9,19.32,3.79,90,32.0,192.0,191.09999999999977,89.9,166.2,384.2,0,2.0
2026-06-18,Kalimantan Tengah,2.0,15.969999999999999,30.9,22.6,12.0,12.0,9.9,19.44,3.9,89,31.0,160.0,193.9499999999998,83.0,173.0,383.09999999999997,0,17.0
2026-06-19,Kalimantan Tengah,17.0,41.32,30.9,22.9,5.3,5.3,8.5,19.16,3.83,90,48.0,117.0,235.26999999999978,64.2,177.70000000000002,384.4,0,13.0
2026-06-20,Kalimantan Tengah,13.0,208.34,30.8,22.7,1.9,1.9,9.1,19.86,3.98,88,58.0,96.0,428.3299999999998,65.6,176.29999999999998,380.29999999999995,0,8.0
2026-06-21,Kalimantan Tengah,8.0,6.53,31.0,22.4,18.7,18.7,8.8,19.18,3.91,87,60.0,92.0,385.77999999999975,74.8,178.1,348.2,0,10.0
2026-06-22,Kalimantan Tengah,10.0,16.94,31.4,23.4,1.2,1.2,7.7,21.1,4.4,79,56.0,102.0,319.4299999999998,74.7,138.1,339.0,0,28.0
2026-06-23,Kalimantan Tengah,28.0,173.84,31.0,23.3,0.5,0.5,8.4,18.44,3.91,79,83.0,126.0,489.13999999999976,44.5,136.5,303.5,1,64.0
2026-06-24,Kalimantan Tengah,64.0,266.54,31.4,24.0,0.3,0.3,8.6,20.42,4.32,79,142.0,174.0,729.4799999999998,39.9,129.8,289.79999999999995,2,72.0
2026-06-25,Kalimantan Tengah,72.0,492.17,31.5,22.4,7.6,7.6,9.1,20.68,4.22,87,212.0,243.0,1205.6799999999998,35.5,118.5,280.2,0,39.0
2026-06-26,Kalimantan Tengah,39.0,333.84,31.6,23.9,1.8,1.8,6.9,20.58,4.18,86,234.0,282.0,1498.1999999999998,32.0,96.2,278.6,0,60.0
2026-06-27,Kalimantan Tengah,60.0,495.45,32.1,23.4,8.2,8.2,9.5,20.43,4.25,83,281.0,339.0,1785.31,38.3,103.89999999999999,270.5,0,10.0
2026-06-28,Kalimantan Tengah,10.0,103.6,30.5,22.6,31.7,31.7,9.1,17.9,3.59,92,283.0,343.0,1882.3799999999999,51.3,126.10000000000001,293.9,0,6.0
2026-06-29,Kalimantan Tengah,6.0,18.84,30.8,22.6,0.5,0.5,9.5,19.42,4.0,86,279.0,335.0,1884.2799999999997,50.599999999999994,125.3,285.2,1,11.0
2026-06-30,Kalimantan Tengah,11.0,57.0,29.0,23.3,18.4,18.4,9.1,16.08,3.21,92,262.0,345.0,1767.4399999999996,68.5,113.0,294.40000000000003,0,19.0
2026-07-01,Kalimantan Tengah,19.0,124.07,28.1,22.8,15.5,15.5,8.9,11.18,2.24,93,217.0,359.0,1624.9699999999998,83.7,123.6,299.6,0,23.0
2026-07-02,Kalimantan Tengah,23.0,90.15,31.2,23.6,0.4,0.4,9.0,20.53,4.3,80,168.0,380.0,1222.9499999999996,76.5,112.0,297.3,1,29.0
2026-07-03,Kalimantan Tengah,29.0,247.2,29.9,24.1,3.0,3.0,7.3,16.8,3.4,87,158.0,392.0,1136.3099999999997,77.69999999999999,109.7,293.2,0,56.0
2026-07-04,Kalimantan Tengah,56.0,463.69,31.6,23.5,1.0,1.0,9.3,20.82,4.23,88,154.0,435.0,1104.5499999999997,70.5,108.8,289.0,0,40.0
2026-07-05,Kalimantan Tengah,40.0,256.25,31.8,23.3,11.9,11.9,9.8,19.45,3.92,89,184.0,467.0,1257.1999999999998,50.7,102.0,300.29999999999995,0,13.0
2026-07-06,Kalimantan Tengah,13.0,100.65,29.6,23.4,7.2,7.2,6.9,14.97,2.99,89,191.0,470.0,1339.01,57.400000000000006,108.0,304.20000000000005,0,34.0
2026-07-07,Kalimantan Tengah,34.0,144.60999999999999,30.8,24.1,0.0,0.0,9.2,20.08,4.24,81,214.0,476.0,1426.6199999999997,39.00000000000001,107.5,287.3,1,132.0
2026-07-08,Kalimantan Tengah,132.0,1202.52,30.7,22.2,0.4,0.4,11.4,21.69,4.57,77,327.0,544.0,2505.0699999999997,23.900000000000006,107.6,246.5,2,134.0
2026-07-09,Kalimantan Tengah,134.0,1046.61,30.6,22.1,0.6,0.6,9.8,21.52,4.53,76,438.0,606.0,3461.5299999999997,24.100000000000005,100.60000000000001,245.0,3,109.0
2026-07-10,Kalimantan Tengah,109.0,1039.15,30.9,22.4,0.1,0.1,9.1,20.71,4.38,76,518.0,676.0,4253.48,21.200000000000006,98.9,238.1,4,117.0
2026-07-11,Kalimantan Tengah,117.0,1695.1,30.7,22.8,0.1,0.1,11.0,20.47,4.37,77,579.0,733.0,5484.889999999999,20.300000000000004,90.8,219.3,5,61.0
2026-07-12,Kalimantan Tengah,61.0,448.52,31.1,22.7,0.3,0.3,8.5,20.12,4.16,80,600.0,784.0,5677.16,8.700000000000003,59.4,195.5,6,87.0
2026-07-13,Kalimantan Tengah,87.0,1460.75,31.5,23.1,0.6,0.6,9.0,20.59,4.35,80,674.0,865.0,7037.26,2.1000000000000036,59.5,195.6,7,110.0
2026-07-14,Kalimantan Tengah,110.0,1542.94,31.7,23.9,0.1,0.1,9.7,21.28,4.54,78,750.0,964.0,8435.59,2.2000000000000037,41.2,186.20000000000002,8,84.0
2026-07-15,Kalimantan Tengah,84.0,869.97,31.8,23.3,0.9,0.9,9.4,21.45,4.52,80,702.0,1029.0,8103.04,2.7000000000000037,26.6,185.79999999999998,9,78.0
2026-07-16,Kalimantan Tengah,78.0,794.34,31.9,23.8,2.2,2.2,8.9,20.98,4.35,82,646.0,1084.0,7850.77,4.300000000000004,28.400000000000002,157.3,0,121.0
2026-07-17,Kalimantan Tengah,121.0,1171.05,31.7,22.8,1.1,1.1,7.8,21.03,4.28,85,658.0,1176.0,7982.67,5.300000000000004,26.500000000000004,153.5,0,176.0
2026-07-18,Kalimantan Tengah,176.0,1845.76,29.9,24.2,4.6,4.6,9.3,14.89,3.06,87,717.0,1296.0,8133.329999999999,9.800000000000004,30.1,146.1,0,330.0
2026-07-19,Kalimantan Tengah,330.0,4114.52,30.9,22.8,1.5,1.5,9.1,21.08,4.37,81,986.0,1586.0,11799.33,11.000000000000004,19.7,142.29999999999998,0,301.0
2026-07-20,Kalimantan Tengah,301.0,3234.76,31.0,22.5,0.0,0.0,10.4,21.75,4.49,79,1200.0,1874.0,13573.34,10.400000000000002,12.5,140.4,1,112.0
2026-07-21,Kalimantan Tengah,112.0,774.39,31.1,22.6,0.2,0.2,8.8,19.12,4.08,79,1202.0,1952.0,12804.789999999999,10.500000000000004,12.700000000000001,121.89999999999999,2,279.0
2026-07-22,Kalimantan Tengah,279.0,3163.08,31.4,23.0,2.2,2.2,9.2,21.54,4.53,79,1397.0,2099.0,15097.9,11.800000000000004,14.5,122.89999999999999,0,326.0
2026-07-23,Kalimantan Tengah,326.0,3831.92,30.2,23.3,1.5,1.5,9.5,19.09,3.84,85,1645.0,2291.0,18135.48,11.100000000000005,15.399999999999999,123.89999999999999,0,313.0
2026-07-24,Kalimantan Tengah,313.0,3425.35,30.2,22.0,0.1,0.1,11.4,19.0,4.01,79,1837.0,2495.0,20389.78,10.100000000000003,15.4,123.7,1,428.0
2026-07-25,Kalimantan Tengah,428.0,5614.97,30.0,22.6,0.6,0.6,11.0,19.3,4.05,78,2089.0,2806.0,24158.989999999998,6.100000000000004,15.9,116.7,2,544.0
2026-07-26,Kalimantan Tengah,544.0,7276.0199999999995,31.0,22.3,0.9,0.9,10.8,21.29,4.5,78,2303.0,3289.0,27320.489999999998,5.5000000000000036,16.5,115.80000000000001,3,112.0
2026-07-27,Kalimantan Tengah,112.0,1058.3,31.0,23.5,4.0,4.0,7.9,19.21,3.94,85,2114.0,3314.0,25144.03,9.500000000000004,19.9,111.60000000000001,0,216.0
2026-07-28,Kalimantan Tengah,216.0,3026.87,31.0,22.7,17.1,17.1,9.4,19.81,3.87,92,2218.0,3420.0,27396.510000000002,26.400000000000006,36.900000000000006,97.0,0,93.0
2026-07-29,Kalimantan Tengah,93.0,940.21,30.3,22.7,15.6,15.6,7.7,18.76,3.71,91,2032.0,3429.0,25173.64,39.800000000000004,51.6,112.1,0,198.0
2026-07-30,Kalimantan Tengah,198.0,1531.59,30.6,23.2,2.0,2.0,8.2,20.23,4.05,88,1904.0,3549.0,22873.31,40.300000000000004,51.4,95.69999999999999,0,305.0
2026-07-31,Kalimantan Tengah,305.0,3352.63,31.0,23.6,1.6,1.6,8.6,20.29,4.11,87,1896.0,3733.0,22800.589999999997,41.800000000000004,51.9,81.8,0,458.0
2026-08-01,Kalimantan Tengah,458.0,5577.61,30.4,22.5,6.5,6.5,9.6,18.94,3.77,89,1926.0,4015.0,22763.229999999996,47.7,53.8,87.9,0,406.0
2026-08-02,Kalimantan Tengah,406.0,4557.35,32.0,23.5,0.7,0.7,10.0,21.24,4.5,82,1788.0,4091.0,20044.56,47.5,53.0,85.60000000000001,1,538.0
2026-08-03,Kalimantan Tengah,538.0,13410.15,31.8,23.2,0.4,0.4,11.6,21.54,4.56,79,2214.0,4328.0,32396.41,43.9,53.4,85.0,2,739.0
2026-08-04,Kalimantan Tengah,739.0,9853.14,31.9,23.1,0.1,0.1,9.3,20.92,4.45,79,2737.0,4955.0,39222.67999999999,26.900000000000002,53.300000000000004,73.2,3,1243.0
2026-08-05,Kalimantan Tengah,1243.0,15064.7,30.6,21.6,0.0,0.0,8.2,22.01,4.46,79,3887.0,5919.0,53347.17,11.300000000000002,51.1,66.0,4,1546.0
2026-08-06,Kalimantan Tengah,1546.0,19108.09,31.2,21.7,0.6,0.6,9.8,20.93,4.3,81,5235.0,7139.0,70923.67,9.900000000000004,50.199999999999996,66.6,5,1216.0
2026-08-07,Kalimantan Tengah,1216.0,11999.91,31.2,22.2,0.7,0.7,10.2,22.09,4.6,80,6146.0,8042.0,79570.95,9.000000000000004,50.8,66.9,6,1817.0
2026-08-08,Kalimantan Tengah,1817.0,25395.67,31.0,20.4,0.0,0.0,11.4,23.8,4.84,79,7505.0,9431.0,99389.01,2.5000000000000036,50.2,66.3,7,1610.0
2026-08-09,Kalimantan Tengah,1610.0,15830.48,31.0,21.1,0.3,0.3,9.9,17.9,3.73,82,8709.0,10497.0,110662.14,2.1000000000000036,49.599999999999994,66.5,8,1690.0
2026-08-10,Kalimantan Tengah,1690.0,16245.99,31.3,21.5,0.2,0.2,11.8,21.38,4.44,78,9861.0,12075.0,113497.98,1.9000000000000035,45.8,66.60000000000001,9,1677.0
2026-08-11,Kalimantan Tengah,1677.0,22791.18,30.8,21.1,0.4,0.4,10.4,18.13,3.75,82,10799.0,13536.0,126436.01999999999,2.2000000000000037,29.099999999999998,66.69999999999999,10,1155.0
2026-08-12,Kalimantan Tengah,1155.0,12848.88,30.6,21.7,0.0,0.0,9.6,17.15,3.53,81,10711.0,14598.0,124220.2,2.2000000000000037,13.5,66.1,11,739.0
2026-08-13,Kalimantan Tengah,739.0,4862.49,31.2,22.9,0.3,0.3,9.9,16.79,3.57,81,9904.0,15139.0,109974.59999999999,1.9000000000000035,11.799999999999999,66.30000000000001,12,1154.0
2026-08-14,Kalimantan Tengah,1154.0,13095.43,31.4,23.5,2.9,2.9,10.3,20.71,4.28,86,9842.0,15988.0,111070.12,4.100000000000003,13.1,68.3,0,1265.0
2026-08-15,Kalimantan Tengah,1265.0,10390.57,31.0,23.6,2.0,2.0,7.2,19.6,3.98,87,9290.0,16795.0,96065.02,6.100000000000003,8.6,68.1,0,2355.0
2026-08-16,Kalimantan Tengah,2355.0,30133.0,31.8,22.6,0.5,0.5,8.9,22.21,4.62,81,10035.0,18744.0,110367.54000000001,6.300000000000004,8.399999999999999,67.5,1,2650.0
2026-08-17,Kalimantan Tengah,2650.0,28987.04,32.3,22.8,0.0,0.0,10.1,22.71,4.88,79,10995.0,20856.0,123108.59,6.100000000000003,8.0,62.9,2,5023.0
2026-08-18,Kalimantan Tengah,5023.0,65626.3,32.2,21.9,0.0,0.0,8.7,22.54,4.71,79,14341.0,25140.0,165943.71000000002,5.700000000000003,7.8999999999999995,61.4,3,4196.0
2026-08-19,Kalimantan Tengah,4196.0,43277.94,32.2,23.1,0.0,0.0,10.5,22.19,4.67,81,17382.0,28093.0,196372.77000000002,5.700000000000003,7.8999999999999995,61.4,4,2800.0
2026-08-20,Kalimantan Tengah,2800.0,24366.16,31.3,22.3,0.9,0.9,9.3,21.21,4.42,80,19443.0,29347.0,215876.44,6.300000000000003,8.2,62.099999999999994,5,3488.0
2026-08-21,Kalimantan Tengah,3488.0,41080.37,31.3,21.8,0.0,0.0,10.9,22.14,4.61,79,21777.0,31619.0,243861.38,3.4000000000000035,7.5,59.9,6,1591.0
2026-08-22,Kalimantan Tengah,1591.0,18024.18,31.7,22.4,0.1,0.1,9.1,20.75,4.33,81,22103.0,31393.0,251494.99000000002,1.5000000000000036,7.6,58.5,7,949.0
2026-08-23,Kalimantan Tengah,949.0,6152.02,31.3,22.9,0.9,0.9,11.2,19.4,4.19,80,20697.0,30732.0,227514.01,1.9000000000000035,8.2,59.3,8,2827.0
2026-08-24,Kalimantan Tengah,2827.0,25788.39,31.1,23.5,1.5,1.5,9.4,19.19,4.05,83,20874.0,31869.0,224315.36000000002,3.4000000000000035,9.5,60.199999999999996,0,2872.0
2026-08-25,Kalimantan Tengah,2872.0,22215.16,31.3,22.6,1.1,1.1,11.0,20.92,4.36,81,18723.0,33064.0,180904.21999999997,4.5000000000000036,10.2,60.4,0,4637.0
2026-08-26,Kalimantan Tengah,4637.0,54239.59,31.5,22.0,0.2,0.2,8.5,22.97,4.73,80,19164.0,36546.0,191865.87,4.700000000000004,10.399999999999999,56.6,1,5312.0
2026-08-27,Kalimantan Tengah,5312.0,69039.11,32.1,22.7,0.1,0.1,11.5,21.82,4.76,77,21676.0,41119.0,236538.82,3.9000000000000035,10.200000000000001,39.6,2,8580.0
2026-08-28,Kalimantan Tengah,8580.0,103091.42,31.8,21.4,0.0,0.0,10.2,23.53,4.94,75,26768.0,48545.0,298549.87,3.9000000000000035,7.3,23.999999999999996,3,10238.0
2026-08-29,Kalimantan Tengah,10238.0,133115.47,31.6,21.5,0.0,0.0,12.2,23.24,4.83,77,35415.0,57518.0,413641.16000000003,3.8000000000000034,5.3,22.0,4,5979.0
2026-01-05,Kalimantan Timur,5.0,17.97,30.1,23.9,14.9,14.9,11.2,13.98,2.76,92,5.0,5.0,17.97,14.9,14.9,14.9,0,0.0
2026-01-06,Kalimantan Timur,0.0,0.0,29.0,24.4,2.6,2.6,8.7,14.01,2.87,90,5.0,5.0,17.97,17.5,17.5,17.5,0,0.0
2026-01-07,Kalimantan Timur,0.0,0.0,32.0,23.2,37.6,37.6,13.8,17.9,3.59,91,5.0,5.0,17.97,55.1,55.1,55.1,0,0.0
2026-01-08,Kalimantan Timur,0.0,0.0,29.8,23.1,13.6,13.6,8.5,15.03,3.09,87,5.0,5.0,17.97,68.7,68.7,68.7,0,0.0
2026-01-09,Kalimantan Timur,0.0,0.0,30.2,23.5,11.0,11.0,12.1,20.05,3.96,88,5.0,5.0,17.97,79.7,79.7,79.7,0,7.0
2026-01-10,Kalimantan Timur,7.0,35.019999999999996,31.2,23.6,13.2,13.2,9.5,21.25,4.31,87,12.0,12.0,52.989999999999995,92.9,92.9,92.9,0,5.0
2026-01-11,Kalimantan Timur,5.0,7.13,28.2,23.2,34.0,34.0,10.9,11.01,2.28,89,17.0,17.0,60.12,126.9,126.9,126.9,0,1.0
2026-01-12,Kalimantan Timur,1.0,2.56,31.5,23.6,0.4,0.4,17.1,20.6,4.38,81,13.0,18.0,44.709999999999994,112.39999999999999,127.3,127.3,1,13.0
2026-01-13,Kalimantan Timur,13.0,73.76,31.0,25.1,1.0,1.0,11.4,20.2,4.28,83,26.0,31.0,118.47,110.8,128.3,128.3,0,2.0
2026-01-14,Kalimantan Timur,2.0,7.869999999999999,30.8,22.9,9.7,9.7,11.4,20.48,4.24,83,28.0,33.0,126.34,82.89999999999999,138.0,138.0,0,4.0
2026-01-15,Kalimantan Timur,4.0,16.700000000000003,30.2,23.2,20.9,20.9,13.2,15.7,3.2,89,32.0,37.0,143.04,90.19999999999999,158.9,158.9,0,7.0
2026-01-16,Kalimantan Timur,7.0,27.669999999999998,30.6,22.9,7.2,7.2,8.5,18.67,3.83,86,39.0,44.0,170.71,86.39999999999999,166.1,166.1,0,22.0
2026-01-17,Kalimantan Timur,22.0,65.21,32.2,25.4,0.1,0.1,8.7,24.0,5.07,79,54.0,66.0,200.89999999999998,73.3,166.2,166.2,1,56.0
2026-01-18,Kalimantan Timur,56.0,483.83,30.8,25.0,2.1,2.1,9.7,21.74,4.53,84,105.0,122.0,677.5999999999999,41.4,168.3,168.3,0,10.0
2026-01-19,Kalimantan Timur,10.0,48.19,32.2,25.4,0.2,0.2,16.4,22.76,4.78,82,114.0,127.0,723.23,41.2,153.6,168.5,1,6.0
2026-01-20,Kalimantan Timur,6.0,8.42,31.5,25.1,0.1,0.1,11.1,17.44,3.77,83,107.0,133.0,657.89,40.300000000000004,151.1,168.6,2,31.0
2026-01-21,Kalimantan Timur,31.0,230.29,32.2,23.7,0.5,0.5,12.7,21.1,4.64,79,136.0,164.0,880.31,31.099999999999998,114.0,169.1,3,41.0
2026-01-22,Kalimantan Timur,41.0,345.1,31.7,25.4,0.2,0.2,13.7,21.07,4.64,79,173.0,205.0,1208.71,10.4,100.6,169.3,4,22.0
2026-01-23,Kalimantan Timur,22.0,77.82,31.3,26.0,0.3,0.3,17.4,21.9,5.04,76,188.0,227.0,1258.86,3.5,89.89999999999999,169.6,5,18.0
2026-01-24,Kalimantan Timur,18.0,73.94,31.3,24.6,0.0,0.0,16.0,23.98,5.16,78,184.0,238.0,1267.5900000000001,3.4000000000000004,76.69999999999999,169.6,6,30.0
2026-01-25,Kalimantan Timur,30.0,176.03,30.8,24.2,0.5,0.5,8.0,20.2,4.13,83,158.0,263.0,959.79,1.8,43.2,170.1,7,48.0
2026-01-26,Kalimantan Timur,48.0,358.83,31.2,24.1,1.9,1.9,9.1,19.71,4.05,84,196.0,310.0,1270.4299999999998,3.5,44.7,172.0,0,26.0
2026-01-27,Kalimantan Timur,26.0,215.35,31.7,24.5,0.9,0.9,14.8,22.82,4.81,81,216.0,323.0,1477.36,4.3,44.6,172.9,1,0.0
2026-01-28,Kalimantan Timur,0.0,0.0,30.0,23.0,7.6,7.6,12.7,18.57,3.83,85,185.0,321.0,1247.07,11.399999999999999,42.5,180.5,0,1.0
2026-01-29,Kalimantan Timur,1.0,1.98,30.6,24.4,10.2,10.2,11.4,20.42,4.08,85,145.0,318.0,903.95,21.4,31.799999999999997,190.7,0,0.0
2026-01-30,Kalimantan Timur,0.0,0.0,28.7,22.7,6.3,6.3,12.7,15.64,3.1,90,123.0,311.0,826.13,27.4,30.9,197.0,0,5.0
2026-01-31,Kalimantan Timur,5.0,16.81,28.2,22.9,23.8,23.8,11.4,9.1,1.98,89,110.0,294.0,769.0,51.2,54.599999999999994,220.8,0,5.0
2026-02-01,Kalimantan Timur,5.0,30.47,31.3,23.2,0.5,0.5,11.0,23.09,4.82,77,85.0,243.0,623.4399999999999,51.2,53.0,221.3,1,2.0
2026-02-02,Kalimantan Timur,2.0,1.23,29.3,23.1,7.7,7.7,13.0,17.4,3.5,87,39.0,235.0,265.84,57.0,60.5,229.0,0,7.0
2026-02-03,Kalimantan Timur,7.0,11.71,31.6,23.3,3.6,3.6,15.1,23.14,4.83,81,20.0,236.0,62.2,59.7,64.0,232.6,0,3.0
2026-02-04,Kalimantan Timur,3.0,4.78,30.3,23.2,3.7,3.7,13.7,21.28,4.1,89,23.0,208.0,66.98,55.800000000000004,67.2,221.4,0,1.0
2026-02-05,Kalimantan Timur,1.0,7.7,31.2,23.8,28.1,28.1,11.0,23.76,4.75,87,23.0,168.0,72.69999999999999,73.7,95.1,246.9,0,0.0
2026-02-06,Kalimantan Timur,0.0,0.0,29.5,23.8,9.6,9.6,10.7,16.06,3.22,90,23.0,146.0,72.69999999999999,77.00000000000001,104.4,218.9,0,1.0
2026-02-07,Kalimantan Timur,1.0,4.89,30.2,23.3,34.7,34.7,15.0,18.4,3.76,91,19.0,129.0,60.78,87.9,139.1,240.0,0,3.0
2026-02-08,Kalimantan Timur,3.0,11.549999999999999,31.0,24.4,2.2,2.2,9.4,21.92,4.51,84,17.0,102.0,41.86,89.6,140.8,231.20000000000002,0,2.0
2026-02-09,Kalimantan Timur,2.0,2.83,30.5,22.9,7.0,7.0,11.7,18.77,3.78,87,17.0,56.0,43.46,88.89999999999999,145.9,225.0,0,0.0
2026-02-10,Kalimantan Timur,0.0,0.0,28.7,24.0,17.5,17.5,9.1,16.34,3.22,91,10.0,30.0,31.75,102.8,162.5,208.5,0,0.0
2026-02-11,Kalimantan Timur,0.0,0.0,30.8,24.4,10.0,10.0,8.7,20.36,4.3,82,7.0,30.0,26.97,109.1,164.9,218.1,0,1.0
2026-02-12,Kalimantan Timur,1.0,1.2,28.1,24.3,26.0,26.0,9.4,16.44,3.22,88,7.0,30.0,20.47,107.0,180.70000000000002,243.1,0,0.0
2026-02-13,Kalimantan Timur,0.0,0.0,29.8,23.6,19.7,19.7,13.8,15.69,3.14,91,7.0,30.0,20.47,117.1,194.1,253.1,0,1.0
2026-02-14,Kalimantan Timur,1.0,0.36,29.6,23.8,4.6,4.6,9.9,16.94,3.61,85,7.0,26.0,15.939999999999998,87.0,174.9,236.79999999999998,0,2.0
2026-02-15,Kalimantan Timur,2.0,7.49,30.6,24.0,6.8,6.8,12.5,20.31,4.1,86,6.0,23.0,11.879999999999999,91.60000000000001,181.20000000000002,236.4,0,4.0
2026-02-16,Kalimantan Timur,4.0,17.830000000000002,31.1,24.4,6.4,6.4,9.8,21.03,4.37,84,8.0,25.0,26.880000000000003,91.0,179.9,242.70000000000002,0,6.0
2026-02-17,Kalimantan Timur,6.0,20.81,31.1,24.1,0.3,0.3,16.7,22.92,4.86,81,14.0,24.0,47.69,73.8,176.6,240.89999999999998,1,12.0
2026-02-18,Kalimantan Timur,12.0,212.22,31.2,24.5,0.4,0.4,14.8,23.25,5.11,78,26.0,33.0,259.90999999999997,64.2,173.3,241.1,2,2.0
2026-02-19,Kalimantan Timur,2.0,2.06,27.4,23.5,10.3,10.3,9.3,8.75,1.84,91,27.0,34.0,260.77,48.5,155.5,251.3,0,3.0
2026-02-20,Kalimantan Timur,3.0,2.0700000000000003,30.7,24.0,4.2,4.2,12.4,19.84,4.16,84,30.0,37.0,262.84000000000003,33.0,150.1,255.0,0,0.0
2026-02-21,Kalimantan Timur,0.0,0.0,25.8,23.5,35.6,35.6,11.6,4.73,1.09,93,29.0,36.0,262.48,64.0,151.0,290.4,0,2.0
2026-02-22,Kalimantan Timur,2.0,3.84,32.2,23.2,0.5,0.5,7.2,23.1,4.83,80,29.0,35.0,258.83,57.7,149.29999999999998,290.59999999999997,1,8.0
2026-02-23,Kalimantan Timur,8.0,16.28,29.6,23.5,9.8,9.8,13.0,15.29,3.1,89,33.0,41.0,257.28,61.10000000000001,152.1,300.4,0,0.0
2026-02-24,Kalimantan Timur,0.0,0.0,30.2,23.6,12.6,12.6,13.4,16.46,3.37,88,27.0,41.0,236.47,73.4,147.2,312.5,0,0.0
2026-02-25,Kalimantan Timur,0.0,0.0,29.3,24.6,1.8,1.8,13.3,15.15,3.44,82,15.0,41.0,24.25,74.80000000000001,139.0,312.4,0,12.0
2026-02-26,Kalimantan Timur,12.0,158.81,31.4,24.4,0.4,0.4,11.0,21.39,4.53,80,25.0,52.0,181.0,64.89999999999999,113.4,311.90000000000003,1,2.0
2026-02-27,Kalimantan Timur,2.0,8.92,31.1,24.0,0.5,0.5,11.4,19.23,4.02,84,24.0,54.0,187.85,61.2,94.2,304.8,2,0.0
2026-02-28,Kalimantan Timur,0.0,0.0,30.0,23.2,14.3,14.3,17.7,13.42,3.0,85,24.0,53.0,187.85,39.9,103.9,308.90000000000003,0,9.0
2026-03-01,Kalimantan Timur,9.0,12.25,32.4,23.8,4.4,4.4,8.1,23.0,4.77,84,31.0,60.0,196.26,43.8,101.5,307.0,0,4.0
2026-03-02,Kalimantan Timur,4.0,168.07999999999998,31.7,24.3,10.7,10.7,12.6,19.91,4.13,86,27.0,60.0,348.05999999999995,44.7,105.80000000000001,293.9,0,2.0
2026-03-03,Kalimantan Timur,2.0,14.24,30.5,23.4,6.1,6.1,13.9,23.77,4.72,87,29.0,56.0,362.29999999999995,38.2,111.60000000000001,299.5,0,15.0
2026-03-04,Kalimantan Timur,15.0,152.3,32.1,24.4,9.5,9.5,11.5,22.74,4.69,84,44.0,59.0,514.6,45.9,120.7,301.3,0,2.0
2026-03-05,Kalimantan Timur,2.0,15.899999999999999,30.7,23.8,17.1,17.1,14.3,19.86,3.99,89,34.0,59.0,371.69,62.6,127.5,314.79999999999995,0,9.0
2026-03-06,Kalimantan Timur,9.0,70.27,31.6,24.3,36.0,36.0,14.0,24.65,5.19,82,41.0,65.0,433.03999999999996,98.1,159.3,347.1,0,0.0
2026-03-07,Kalimantan Timur,0.0,0.0,28.2,24.3,15.8,15.8,13.6,11.03,2.39,89,41.0,65.0,433.03999999999996,99.60000000000001,139.5,334.8,0,0.0
2026-03-08,Kalimantan Timur,0.0,0.0,31.9,24.6,5.0,5.0,13.4,23.35,4.76,83,32.0,63.0,420.78999999999996,100.2,144.0,330.2,0,1.0
2026-03-09,Kalimantan Timur,1.0,5.46,28.2,23.7,16.4,16.4,7.4,13.65,2.72,93,29.0,56.0,258.17,105.89999999999999,150.6,311.90000000000003,0,0.0
2026-03-10,Kalimantan Timur,0.0,0.0,29.1,23.9,15.9,15.9,11.0,17.88,3.52,90,27.0,56.0,243.93,115.7,153.9,325.6,0,0.0
2026-03-11,Kalimantan Timur,0.0,0.0,30.0,24.0,21.2,21.2,12.7,19.87,3.92,89,12.0,56.0,91.62999999999998,127.4,173.29999999999998,339.8,0,0.0
2026-03-12,Kalimantan Timur,0.0,0.0,29.9,23.8,9.8,9.8,12.9,19.48,3.87,88,10.0,44.0,75.72999999999999,120.10000000000001,182.70000000000002,332.1,0,1.0
2026-03-13,Kalimantan Timur,1.0,4.87,29.9,23.4,12.6,12.6,11.4,17.64,3.58,89,2.0,43.0,10.329999999999986,96.69999999999999,194.8,334.70000000000005,0,27.0
2026-03-14,Kalimantan Timur,27.0,279.11,30.0,23.1,18.8,18.8,11.4,19.86,3.93,88,29.0,70.0,289.44,99.69999999999999,199.3,327.5,0,47.0
2026-03-15,Kalimantan Timur,47.0,274.53000000000003,30.5,23.8,5.1,5.1,14.9,20.93,4.14,87,76.0,108.0,563.97,99.8,200.0,312.9,0,0.0
2026-03-16,Kalimantan Timur,0.0,0.0,29.5,23.3,5.9,5.9,9.8,16.16,3.23,89,75.0,104.0,558.51,89.30000000000001,195.20000000000002,314.20000000000005,0,11.0
2026-03-17,Kalimantan Timur,11.0,15.14,29.7,23.4,5.2,5.2,8.2,19.56,3.88,90,86.0,113.0,573.65,78.6,194.3,312.6,0,0.0
2026-03-18,Kalimantan Timur,0.0,0.0,30.4,22.8,14.5,14.5,9.8,19.53,3.87,89,86.0,98.0,573.65,71.9,199.3,320.70000000000005,0,8.0
2026-03-19,Kalimantan Timur,8.0,24.779999999999998,29.8,23.0,1.1,1.1,11.6,18.76,3.65,90,94.0,104.0,598.43,63.2,183.29999999999998,321.5,0,0.0
2026-03-20,Kalimantan Timur,0.0,0.0,28.3,22.6,22.1,22.1,8.7,16.97,3.33,92,93.0,95.0,593.56,72.7,169.4,343.2,0,1.0
2026-03-21,Kalimantan Timur,1.0,4.0,31.3,23.2,9.4,9.4,13.0,21.85,4.33,88,67.0,96.0,318.45000000000005,63.300000000000004,163.0,342.3,0,2.0
2026-03-22,Kalimantan Timur,2.0,2.1399999999999997,30.9,23.1,5.7,5.7,14.2,20.82,4.42,81,22.0,98.0,46.059999999999995,63.9,163.70000000000002,343.8,0,7.0
2026-03-23,Kalimantan Timur,7.0,10.95,29.7,23.2,2.5,2.5,8.1,17.62,3.65,86,29.0,104.0,57.01,60.5,149.8,310.70000000000005,0,15.0
2026-03-24,Kalimantan Timur,15.0,73.15,31.3,24.3,0.6,0.6,13.2,23.57,4.97,81,33.0,119.0,115.02000000000001,55.9,134.5,310.8,1,42.0
2026-03-25,Kalimantan Timur,42.0,362.33,31.4,24.9,0.1,0.1,12.6,25.17,5.37,79,75.0,161.0,477.35,41.50000000000001,113.4,301.1,2,59.0
2026-03-26,Kalimantan Timur,59.0,471.96,31.6,24.3,0.1,0.1,12.4,25.69,5.53,78,126.0,220.0,924.53,40.50000000000001,103.7,288.59999999999997,3,80.0
2026-03-27,Kalimantan Timur,80.0,643.11,31.3,24.9,0.0,0.0,12.4,24.23,5.13,81,206.0,299.0,1567.6399999999999,18.400000000000002,91.10000000000001,286.8,4,56.0
2026-03-28,Kalimantan Timur,56.0,396.01,30.5,24.0,1.4,1.4,11.1,21.07,4.39,83,261.0,328.0,1959.65,10.4,73.7,287.8,0,23.0
2026-03-29,Kalimantan Timur,23.0,140.67,31.5,23.9,3.5,3.5,9.6,22.17,4.67,83,282.0,304.0,2098.18,8.2,72.1,290.8,0,3.0
2026-03-30,Kalimantan Timur,3.0,17.42,29.6,23.6,21.8,21.8,12.6,15.7,3.23,89,278.0,307.0,2104.65,27.5,88.0,298.3,0,18.0
2026-03-31,Kalimantan Timur,18.0,92.97,30.1,23.6,12.7,12.7,8.8,18.47,3.69,89,281.0,314.0,2124.47,39.599999999999994,95.5,306.6,0,11.0
2026-04-01,Kalimantan Timur,11.0,35.39,30.9,24.6,3.9,3.9,9.6,19.43,3.96,88,250.0,325.0,1797.53,43.4,84.9,299.8,0,3.0
2026-04-02,Kalimantan Timur,3.0,14.93,30.8,23.8,21.6,21.6,14.0,16.62,3.35,91,194.0,320.0,1340.5,64.9,105.4,315.3,0,1.0
2026-04-03,Kalimantan Timur,1.0,1.65,26.6,23.3,24.2,24.2,9.3,9.7,1.92,92,115.0,321.0,699.0399999999998,89.1,107.5,330.0,0,6.0
2026-04-04,Kalimantan Timur,6.0,21.66,31.2,23.6,2.7,2.7,8.9,23.52,4.77,83,65.0,326.0,324.6899999999999,90.39999999999999,100.8,315.59999999999997,0,30.0
2026-04-05,Kalimantan Timur,30.0,211.27,31.0,24.5,1.6,1.6,11.8,22.63,4.64,83,72.0,354.0,395.2899999999999,88.5,96.69999999999999,281.20000000000005,0,7.0
2026-04-06,Kalimantan Timur,7.0,40.09,29.7,24.8,2.9,2.9,6.8,18.31,3.74,86,76.0,354.0,417.9599999999999,69.6,97.1,268.3,0,19.0
2026-04-07,Kalimantan Timur,19.0,58.45,29.9,23.3,8.7,8.7,14.5,20.53,4.05,87,77.0,358.0,383.43999999999994,65.6,105.2,272.0,0,12.0
2026-04-08,Kalimantan Timur,12.0,51.06,30.5,24.0,1.0,1.0,6.3,17.7,3.53,90,78.0,328.0,399.10999999999996,62.699999999999996,106.10000000000001,256.6,0,13.0
2026-04-09,Kalimantan Timur,13.0,44.54,31.4,23.3,2.7,2.7,13.4,21.8,4.38,87,88.0,282.0,428.7199999999999,43.8,108.7,243.4,0,4.0
2026-04-10,Kalimantan Timur,4.0,8.21,30.6,23.6,16.9,16.9,13.8,20.78,4.14,88,91.0,206.0,435.2799999999999,36.5,125.6,239.1,0,14.0
2026-04-11,Kalimantan Timur,14.0,51.35,28.7,24.3,7.7,7.7,9.5,14.63,2.95,89,99.0,164.0,464.9699999999999,41.49999999999999,131.9,237.0,0,9.0
2026-04-12,Kalimantan Timur,9.0,50.79,31.5,24.9,12.1,12.1,7.0,19.57,3.99,88,78.0,150.0,304.4899999999999,52.0,140.5,236.5,0,1.0
2026-04-13,Kalimantan Timur,1.0,0.41,30.1,24.5,11.6,11.6,12.4,14.05,2.95,89,72.0,148.0,264.8099999999999,60.699999999999996,130.29999999999998,229.3,0,6.0
2026-04-14,Kalimantan Timur,6.0,30.12,31.0,25.1,1.8,1.8,13.5,23.17,4.79,82,59.0,136.0,236.47999999999988,53.8,119.4,226.0,0,1.0
2026-04-15,Kalimantan Timur,1.0,25.38,28.9,24.6,11.3,11.3,12.8,15.6,3.05,91,48.0,126.0,210.7999999999999,64.1,126.8,231.4,0,9.0
2026-04-16,Kalimantan Timur,9.0,32.82,30.4,23.1,15.7,15.7,10.1,19.87,3.96,89,44.0,132.0,199.07999999999987,77.1,120.89999999999999,241.9,0,17.0
2026-04-17,Kalimantan Timur,17.0,84.0,31.1,23.6,1.6,1.6,12.4,22.21,4.59,80,57.0,148.0,274.8699999999999,61.800000000000004,98.3,229.0,0,20.0
2026-04-18,Kalimantan Timur,20.0,197.96,30.5,24.1,2.7,2.7,13.3,21.62,4.26,85,63.0,162.0,421.4799999999999,56.800000000000004,98.3,230.6,0,11.0
2026-04-19,Kalimantan Timur,11.0,37.64,30.9,24.3,0.5,0.5,7.6,20.88,4.19,85,65.0,143.0,408.3299999999999,45.2,97.2,209.0,1,25.0
2026-04-20,Kalimantan Timur,25.0,135.45,30.9,24.6,6.6,6.6,8.5,19.5,3.97,87,89.0,161.0,543.3699999999999,40.2,100.9,206.2,0,45.0
2026-04-21,Kalimantan Timur,45.0,395.39,29.5,25.3,4.7,4.7,14.5,20.89,4.24,84,128.0,187.0,908.6399999999999,43.1,96.89999999999999,205.2,0,33.0
2026-04-22,Kalimantan Timur,33.0,112.53999999999999,30.3,24.6,1.8,1.8,15.8,20.09,4.12,83,160.0,208.0,995.7999999999998,33.6,97.7,204.5,0,18.0
2026-04-23,Kalimantan Timur,18.0,49.21,31.9,24.5,1.9,1.9,12.5,23.04,4.78,82,169.0,213.0,1012.1899999999998,19.8,96.89999999999999,205.8,0,55.0
2026-04-24,Kalimantan Timur,55.0,492.1,30.9,23.6,3.8,3.8,18.6,24.33,5.03,82,207.0,264.0,1420.29,22.0,83.8,209.5,0,72.0
2026-04-25,Kalimantan Timur,72.0,484.43,31.8,25.3,0.0,0.0,20.0,24.36,5.38,76,259.0,322.0,1706.7599999999998,19.3,76.1,209.39999999999998,1,80.0
2026-04-26,Kalimantan Timur,80.0,1134.16,31.7,25.0,0.2,0.2,17.0,23.63,5.05,80,328.0,393.0,2803.2799999999997,19.0,64.2,209.6,2,29.0
2026-04-27,Kalimantan Timur,29.0,166.49,31.5,25.6,13.5,13.5,13.0,20.93,4.34,84,332.0,421.0,2834.32,25.9,66.10000000000001,221.70000000000002,0,0.0
2026-04-28,Kalimantan Timur,0.0,0.0,30.7,24.2,6.6,6.6,11.4,17.7,3.57,88,287.0,415.0,2438.93,27.8,70.9,224.79999999999998,0,6.0
2026-04-29,Kalimantan Timur,6.0,39.1,32.0,24.8,0.7,0.7,12.9,21.83,4.69,81,260.0,420.0,2365.49,26.7,60.300000000000004,203.7,1,0.0
2026-04-30,Kalimantan Timur,0.0,0.0,31.0,25.5,5.9,5.9,13.0,21.01,4.25,86,242.0,411.0,2316.2799999999997,30.700000000000003,50.5,196.9,0,0.0
2026-05-01,Kalimantan Timur,0.0,0.0,30.1,24.0,8.6,8.6,9.7,16.94,3.4,89,187.0,394.0,1824.1799999999998,35.5,57.5,201.6,0,0.0
2026-05-02,Kalimantan Timur,0.0,0.0,31.6,24.2,0.0,0.0,8.3,21.92,4.55,83,115.0,374.0,1339.7499999999998,35.5,54.8,180.0,1,0.0
2026-05-03,Kalimantan Timur,0.0,0.0,31.3,25.1,3.6,3.6,10.9,20.91,4.29,85,35.0,363.0,205.58999999999978,38.9,57.9,159.4,0,0.0
2026-05-04,Kalimantan Timur,0.0,0.0,30.5,24.8,5.0,5.0,9.7,19.07,3.81,89,6.0,338.0,39.099999999999774,30.4,56.3,161.70000000000002,0,14.0
2026-05-05,Kalimantan Timur,14.0,26.84,30.4,24.0,10.4,10.4,15.0,21.05,4.22,88,20.0,307.0,65.93999999999977,34.2,62.0,170.5,0,21.0
2026-05-06,Kalimantan Timur,21.0,575.01,29.8,24.7,8.9,8.9,10.9,17.34,3.41,91,35.0,295.0,601.8499999999998,42.4,69.1,176.5,0,16.0
2026-05-07,Kalimantan Timur,16.0,138.82,31.0,24.7,11.7,11.7,8.3,17.94,3.63,90,51.0,293.0,740.6699999999998,48.199999999999996,78.89999999999999,179.5,0,3.0
2026-05-08,Kalimantan Timur,3.0,5.74,28.6,24.4,14.6,14.6,10.3,13.37,2.64,93,54.0,241.0,746.4099999999997,54.199999999999996,89.69999999999999,193.1,0,1.0
2026-05-09,Kalimantan Timur,1.0,6.1,30.9,24.1,24.7,24.7,13.0,17.18,3.48,91,55.0,170.0,752.5099999999998,78.9,114.39999999999999,215.1,0,11.0
2026-05-10,Kalimantan Timur,11.0,12.99,27.7,24.7,2.7,2.7,9.0,11.57,2.34,93,66.0,101.0,765.4999999999998,78.0,116.89999999999999,200.9,0,6.0
2026-05-11,Kalimantan Timur,6.0,28.950000000000003,31.6,25.2,2.7,2.7,9.7,20.29,4.14,87,72.0,78.0,794.4499999999998,75.69999999999999,106.1,195.9,0,10.0
2026-05-12,Kalimantan Timur,10.0,61.06999999999999,30.4,25.0,4.3,4.3,10.5,18.2,3.65,89,68.0,88.0,828.6799999999997,69.60000000000001,103.8,188.10000000000002,0,8.0
2026-05-13,Kalimantan Timur,8.0,29.87,30.0,25.5,16.3,16.3,7.0,18.58,3.67,92,55.0,90.0,283.53999999999974,77.0,119.39999999999999,192.79999999999998,0,29.0
2026-05-14,Kalimantan Timur,29.0,211.57,30.8,26.1,5.8,5.8,10.0,18.31,3.68,90,68.0,119.0,356.28999999999974,71.1,119.3,196.8,0,4.0
2026-05-15,Kalimantan Timur,4.0,3.92,29.3,24.4,26.4,26.4,10.3,15.06,2.97,93,69.0,123.0,354.46999999999974,82.9,137.1,211.89999999999998,0,3.0
2026-05-16,Kalimantan Timur,3.0,12.95,30.7,24.8,5.7,5.7,5.4,17.82,3.63,89,71.0,126.0,361.31999999999977,63.9,142.79999999999998,201.9,0,0.0
2026-05-17,Kalimantan Timur,0.0,0.0,26.3,24.2,34.0,34.0,7.5,4.92,1.01,97,60.0,126.0,348.32999999999976,95.2,173.2,234.3,0,0.0
2026-05-18,Kalimantan Timur,0.0,0.0,31.1,25.0,13.1,13.1,13.7,17.83,3.63,88,54.0,126.0,319.37999999999977,105.6,181.3,244.7,0,4.0
2026-05-19,Kalimantan Timur,4.0,18.1,29.7,24.6,17.3,17.3,6.6,14.53,2.88,92,48.0,116.0,276.40999999999974,118.6,188.2,261.5,0,7.0
2026-05-20,Kalimantan Timur,7.0,15.7,28.3,24.6,17.5,17.5,11.6,11.6,2.33,92,47.0,102.0,262.2399999999998,119.80000000000001,196.79999999999998,272.4,0,10.0
2026-05-21,Kalimantan Timur,10.0,31.83,32.4,24.7,0.5,0.5,10.4,22.36,4.74,79,28.0,96.0,82.49999999999977,114.5,185.6,268.2,1,5.0
2026-05-22,Kalimantan Timur,5.0,31.75,31.7,24.6,16.2,16.2,11.9,18.86,3.83,89,29.0,98.0,110.32999999999977,104.3,187.20000000000002,282.6,0,3.0
2026-05-23,Kalimantan Timur,3.0,13.39,30.6,23.7,7.9,7.9,13.1,16.43,3.36,87,29.0,100.0,110.76999999999977,106.5,170.39999999999998,288.6,0,3.0
2026-05-24,Kalimantan Timur,3.0,8.120000000000001,28.9,25.1,4.8,4.8,8.7,15.85,3.1,91,32.0,92.0,118.88999999999976,77.3,172.5,289.6,0,2.0
2026-05-25,Kalimantan Timur,2.0,4.42,28.8,24.0,6.6,6.6,16.0,11.2,2.2,95,34.0,88.0,123.30999999999976,70.8,176.4,296.2,0,3.0
2026-05-26,Kalimantan Timur,3.0,6.6,31.4,24.6,2.2,2.2,14.7,20.51,4.08,88,33.0,81.0,111.80999999999977,55.7,174.3,298.20000000000005,0,0.0
2026-05-27,Kalimantan Timur,0.0,0.0,27.4,24.3,7.4,7.4,8.3,7.77,1.6,95,26.0,73.0,96.10999999999977,45.6,165.39999999999998,292.1,0,1.0
2026-05-28,Kalimantan Timur,1.0,0.57,31.5,24.5,2.6,2.6,11.2,19.92,4.01,88,17.0,45.0,64.84999999999977,47.7,162.20000000000002,288.1,0,3.0
2026-05-29,Kalimantan Timur,3.0,6.0600000000000005,28.3,24.8,14.1,14.1,12.9,16.08,3.0,94,15.0,44.0,39.15999999999977,45.6,149.9,301.5,0,20.0
2026-05-30,Kalimantan Timur,20.0,74.93,29.5,24.0,11.1,11.1,15.4,16.13,3.15,89,32.0,61.0,100.69999999999978,48.8,155.3,306.7,0,9.0
2026-05-31,Kalimantan Timur,9.0,10.299999999999999,31.3,24.9,1.3,1.3,11.0,19.83,4.02,86,38.0,70.0,102.87999999999977,45.3,122.6,299.40000000000003,0,28.0
2026-06-01,Kalimantan Timur,28.0,142.20999999999998,31.3,25.8,0.4,0.4,14.4,21.88,4.63,81,64.0,98.0,240.66999999999973,39.1,109.9,299.8,1,21.0
2026-06-02,Kalimantan Timur,21.0,85.21,31.6,23.4,8.1,8.1,14.4,20.26,4.14,85,82.0,115.0,319.27999999999975,45.0,100.69999999999999,304.3,0,34.0
2026-06-03,Kalimantan Timur,34.0,173.14000000000001,31.1,25.4,2.8,2.8,9.0,20.53,4.19,86,116.0,142.0,492.41999999999973,40.4,85.99999999999999,302.09999999999997,0,15.0
2026-06-04,Kalimantan Timur,15.0,77.01,31.1,25.4,11.1,11.1,15.7,18.72,3.68,89,130.0,147.0,568.8599999999998,48.9,96.60000000000001,302.8,0,43.0
2026-06-05,Kalimantan Timur,43.0,91.68,28.9,24.9,2.1,2.1,9.7,11.63,2.33,91,170.0,185.0,654.4799999999997,36.9,82.5,296.0,0,98.0
2026-06-06,Kalimantan Timur,98.0,624.99,31.8,24.6,0.6,0.6,10.2,21.06,4.45,80,248.0,280.0,1204.5399999999997,26.4,75.2,284.9,1,45.0
2026-06-07,Kalimantan Timur,45.0,326.58,29.8,25.3,3.3,3.3,9.2,17.29,3.47,90,284.0,322.0,1520.8199999999997,28.4,73.7,273.6,0,23.0
2026-06-08,Kalimantan Timur,23.0,215.24,30.7,23.9,11.2,11.2,14.8,17.75,3.62,88,279.0,343.0,1593.8499999999997,39.2,78.30000000000001,260.1,0,54.0
2026-06-09,Kalimantan Timur,54.0,422.77000000000004,30.6,23.2,16.7,16.7,12.5,19.41,3.82,88,312.0,394.0,1931.4099999999999,47.8,92.8,274.1,0,23.0
2026-06-10,Kalimantan Timur,23.0,106.42,30.6,25.0,7.7,7.7,13.9,19.09,3.72,88,301.0,417.0,1864.6899999999998,52.7,93.1,279.1,0,30.0
2026-06-11,Kalimantan Timur,30.0,50.11,29.9,23.3,13.4,13.4,12.8,17.07,3.31,91,316.0,446.0,1837.7899999999997,55.0,103.9,288.2,0,12.0
2026-06-12,Kalimantan Timur,12.0,15.64,27.8,23.6,32.6,32.6,10.0,12.13,2.38,94,285.0,455.0,1761.7499999999998,85.5,122.39999999999999,304.5,0,1.0
2026-06-13,Kalimantan Timur,1.0,4.4,30.0,23.2,15.5,15.5,8.7,14.63,2.89,91,188.0,436.0,1141.1599999999999,100.4,126.8,314.2,0,21.0
2026-06-14,Kalimantan Timur,21.0,54.83,29.7,24.6,5.0,5.0,7.4,18.21,3.55,91,164.0,448.0,869.4099999999996,102.1,130.5,292.8,0,10.0
2026-06-15,Kalimantan Timur,10.0,13.7,29.0,24.7,9.6,9.6,7.2,14.85,2.91,92,151.0,430.0,667.8699999999997,100.5,139.7,296.70000000000005,0,3.0
2026-06-16,Kalimantan Timur,3.0,8.36,28.2,24.5,19.4,19.4,11.0,13.15,2.49,94,100.0,412.0,253.45999999999967,103.2,151.0,282.1,0,25.0
2026-06-17,Kalimantan Timur,25.0,44.64,29.4,23.8,10.5,10.5,9.0,14.42,2.93,88,102.0,403.0,191.67999999999967,106.0,158.7,279.5,0,41.0
2026-06-18,Kalimantan Timur,41.0,125.11,31.0,23.9,3.9,3.9,11.7,20.52,4.06,86,113.0,429.0,266.67999999999967,96.5,151.5,266.09999999999997,0,41.0
2026-06-19,Kalimantan Timur,41.0,103.32000000000001,29.2,24.7,2.1,2.1,7.6,18.36,3.57,89,142.0,427.0,354.3599999999997,66.0,151.5,250.7,0,23.0
2026-06-20,Kalimantan Timur,23.0,164.38,31.5,24.8,1.1,1.1,13.7,21.34,4.53,81,164.0,352.0,514.3399999999997,51.6,152.0,251.29999999999998,0,64.0
2026-06-21,Kalimantan Timur,64.0,313.39,31.3,25.9,5.3,5.3,10.0,20.76,4.2,84,207.0,371.0,772.8999999999996,51.9,154.0,240.4,0,35.0
2026-06-22,Kalimantan Timur,35.0,314.6,30.4,24.8,0.7,0.7,16.2,21.05,4.39,82,232.0,383.0,1073.7999999999997,43.0,143.5,233.2,1,27.0
2026-06-23,Kalimantan Timur,27.0,128.66,30.5,23.6,1.8,1.8,10.4,19.12,3.8,87,256.0,356.0,1194.0999999999997,25.4,128.6,230.2,0,15.0
2026-06-24,Kalimantan Timur,15.0,162.11,31.3,24.9,2.8,2.8,8.1,19.61,4.0,86,246.0,348.0,1311.5699999999997,17.7,123.7,226.39999999999998,0,70.0
2026-06-25,Kalimantan Timur,70.0,477.42,31.2,25.1,2.3,2.3,6.4,20.65,4.19,83,275.0,388.0,1663.8799999999997,16.1,112.6,226.5,0,79.0
2026-06-26,Kalimantan Timur,79.0,297.68,31.8,25.1,5.2,5.2,9.6,19.94,4.02,86,313.0,455.0,1858.2399999999996,19.2,85.2,224.29999999999998,0,90.0
2026-06-27,Kalimantan Timur,90.0,364.3,32.1,25.4,1.2,1.2,7.8,20.55,4.3,81,380.0,544.0,2058.16,19.299999999999997,70.9,222.9,0,116.0
2026-06-28,Kalimantan Timur,116.0,1083.95,31.9,25.1,2.9,2.9,9.9,20.2,4.09,86,432.0,639.0,2828.72,16.9,68.8,211.70000000000002,0,36.0
2026-06-29,Kalimantan Timur,36.0,186.62,30.8,23.3,12.6,12.6,12.6,19.86,4.07,85,433.0,665.0,2700.74,28.8,71.8,213.20000000000002,0,64.0
2026-06-30,Kalimantan Timur,64.0,446.03,30.2,25.4,5.2,5.2,14.1,18.64,3.64,88,470.0,726.0,3018.1099999999997,32.2,57.6,217.1,0,22.0
2026-07-01,Kalimantan Timur,22.0,76.03,29.2,23.5,12.8,12.8,11.7,15.02,2.9,91,477.0,723.0,2932.0299999999993,42.2,59.9,229.5,0,24.0
2026-07-02,Kalimantan Timur,24.0,76.1,30.2,24.9,2.8,2.8,11.1,17.88,3.62,86,431.0,706.0,2530.71,42.7,58.8,224.2,0,28.0
2026-07-03,Kalimantan Timur,28.0,58.79,30.8,23.7,15.1,15.1,10.3,17.55,3.42,91,380.0,693.0,2291.8199999999997,52.599999999999994,71.8,236.5,0,51.0
2026-07-04,Kalimantan Timur,51.0,231.95,30.6,23.7,4.6,4.6,12.3,20.38,4.11,86,341.0,721.0,2159.4699999999993,56.0,75.3,230.0,0,101.0
2026-07-05,Kalimantan Timur,101.0,788.84,32.2,24.4,0.0,0.0,8.7,21.12,4.48,82,326.0,758.0,1864.3599999999997,53.099999999999994,69.99999999999999,227.9,1,95.0
2026-07-06,Kalimantan Timur,95.0,602.9300000000001,29.9,25.1,2.5,2.5,13.8,19.66,4.07,84,385.0,818.0,2280.6699999999996,43.0,71.8,229.8,0,42.0
2026-07-07,Kalimantan Timur,42.0,212.7,31.2,25.8,0.4,0.4,15.8,21.9,4.92,77,363.0,833.0,2047.3399999999995,38.199999999999996,70.39999999999999,226.89999999999998,1,59.0
2026-07-08,Kalimantan Timur,59.0,261.84,31.0,25.8,0.8,0.8,14.7,20.76,4.65,77,400.0,877.0,2233.1499999999996,26.2,68.39999999999999,216.5,2,97.0
2026-07-09,Kalimantan Timur,97.0,740.37,30.3,25.1,1.2,1.2,19.6,21.75,4.83,77,473.0,904.0,2897.4199999999996,24.599999999999998,67.3,200.99999999999997,0,112.0
2026-07-10,Kalimantan Timur,112.0,932.69,30.4,25.5,0.0,0.0,18.8,21.58,4.88,75,557.0,937.0,3771.3199999999997,9.5,62.099999999999994,193.29999999999998,1,67.0
2026-07-11,Kalimantan Timur,67.0,446.64,30.4,25.3,0.7,0.7,18.0,18.66,4.09,82,573.0,914.0,3986.0099999999998,5.6,61.6,180.6,2,74.0
2026-07-12,Kalimantan Timur,74.0,472.45,30.9,25.4,0.5,0.5,16.3,21.57,4.64,80,546.0,872.0,3669.62,6.1,59.2,148.5,3,150.0
2026-07-13,Kalimantan Timur,150.0,1123.55,31.4,25.1,1.7,1.7,13.7,21.97,4.58,83,601.0,986.0,4190.24,5.3,48.3,134.7,0,86.0
2026-07-14,Kalimantan Timur,86.0,436.83,31.6,25.4,0.2,0.2,11.9,21.81,4.65,81,645.0,1008.0,4414.37,5.1,43.3,129.9,1,76.0
2026-07-15,Kalimantan Timur,76.0,887.14,31.1,24.5,3.5,3.5,6.3,20.22,4.15,85,662.0,1062.0,5039.669999999999,7.8,34.0,123.8,0,25.0
2026-07-16,Kalimantan Timur,25.0,153.24,31.2,25.3,5.5,5.5,13.9,19.67,3.92,87,590.0,1063.0,4452.539999999999,12.1,36.699999999999996,109.89999999999999,0,24.0
2026-07-17,Kalimantan Timur,24.0,85.82,30.5,23.5,1.8,1.8,14.4,14.97,3.03,89,502.0,1059.0,3605.6699999999996,13.9,23.4,101.2,0,113.0
2026-07-18,Kalimantan Timur,113.0,765.64,30.8,24.4,1.8,1.8,12.2,20.81,4.29,85,548.0,1121.0,3924.6699999999996,15.0,20.599999999999998,99.1,0,89.0
2026-07-19,Kalimantan Timur,89.0,378.97,31.6,25.0,0.5,0.5,13.7,22.44,4.82,79,563.0,1109.0,3831.1899999999996,15.0,21.1,97.5,1,50.0
2026-07-20,Kalimantan Timur,50.0,326.24,30.8,24.7,1.1,1.1,13.8,21.11,4.39,82,463.0,1064.0,3033.8799999999997,14.400000000000002,19.700000000000003,97.5,0,26.0
2026-07-21,Kalimantan Timur,26.0,222.68,30.3,24.7,4.9,4.9,15.8,19.98,3.91,87,403.0,1048.0,2819.7299999999996,19.1,24.2,97.1,0,6.0
2026-07-22,Kalimantan Timur,6.0,21.6,28.0,24.0,13.5,13.5,14.1,14.94,2.91,90,333.0,995.0,1954.1899999999996,29.1,36.9,109.9,0,34.0
2026-07-23,Kalimantan Timur,34.0,131.51,29.3,23.6,3.3,3.3,18.5,17.64,3.78,82,342.0,932.0,1932.4599999999996,26.900000000000002,39.0,111.39999999999999,0,44.0
2026-07-24,Kalimantan Timur,44.0,83.69,29.6,24.6,0.7,0.7,19.5,20.1,4.4,79,362.0,864.0,1930.3299999999997,25.8,39.7,109.3,1,72.0
2026-07-25,Kalimantan Timur,72.0,316.53,30.4,25.0,0.6,0.6,18.0,22.33,4.72,80,321.0,869.0,1481.2199999999996,24.6,39.6,107.6,2,94.0
2026-07-26,Kalimantan Timur,94.0,723.67,30.5,24.5,1.6,1.6,11.3,21.74,4.47,82,326.0,889.0,1825.9199999999996,25.7,40.7,104.0,0,23.0
2026-07-27,Kalimantan Timur,23.0,236.66,28.8,24.4,3.5,3.5,13.3,17.74,3.42,89,299.0,762.0,1736.3399999999995,28.1,42.5,106.3,0,60.0
2026-07-28,Kalimantan Timur,60.0,382.37,30.9,24.3,3.2,3.2,9.9,20.58,4.16,85,333.0,736.0,1896.0299999999993,26.4,45.5,106.6,0,56.0
2026-07-29,Kalimantan Timur,56.0,244.73,30.7,24.3,3.4,3.4,12.4,18.07,3.61,87,383.0,716.0,2119.1599999999994,16.3,45.4,97.4,0,98.0
2026-07-30,Kalimantan Timur,98.0,422.51,30.7,23.5,2.0,2.0,10.5,21.59,4.27,87,447.0,789.0,2410.1599999999994,15.0,41.9,94.2,0,120.0
2026-07-31,Kalimantan Timur,120.0,808.01,31.1,23.9,0.8,0.8,10.0,19.06,3.99,84,523.0,885.0,3134.4799999999996,15.1,40.9,82.2,1,181.0
2026-08-01,Kalimantan Timur,181.0,1189.43,31.4,24.7,3.0,3.0,8.7,20.16,4.11,84,632.0,953.0,4007.3799999999997,17.5,42.1,82.39999999999999,0,223.0
2026-08-02,Kalimantan Timur,223.0,1955.56,30.7,24.2,1.1,1.1,13.7,21.58,4.55,82,761.0,1087.0,5239.2699999999995,17.0,42.7,68.4,0,206.0
2026-08-03,Kalimantan Timur,206.0,3103.02,32.3,24.5,0.0,0.0,10.9,22.31,4.78,79,944.0,1243.0,8105.629999999999,13.5,41.6,63.8,1,136.0
2026-08-04,Kalimantan Timur,136.0,832.62,32.1,24.7,0.1,0.1,14.8,23.43,5.01,81,1020.0,1353.0,8555.88,10.399999999999999,36.8,63.9,2,312.0
2026-08-05,Kalimantan Timur,312.0,3077.15,31.1,25.1,0.6,0.6,16.4,22.94,4.87,80,1276.0,1659.0,11388.3,7.6,23.9,62.0,3,365.0
2026-08-06,Kalimantan Timur,365.0,3880.28,30.7,24.8,0.9,0.9,16.6,22.71,4.84,81,1543.0,1990.0,14846.07,6.5,21.5,62.5,4,359.0
2026-08-07,Kalimantan Timur,359.0,2834.38,30.6,24.9,1.4,1.4,18.6,22.41,4.94,77,1782.0,2305.0,16872.44,7.1,22.2,63.1,0,496.0
2026-08-08,Kalimantan Timur,496.0,4330.37,30.8,24.6,0.4,0.4,16.9,22.94,4.99,77,2097.0,2729.0,20013.379999999997,4.5,22.0,62.3,1,141.0
2026-08-09,Kalimantan Timur,141.0,599.97,30.6,24.6,0.7,0.7,18.2,22.94,5.0,76,2015.0,2776.0,18657.789999999997,4.1,21.1,63.0,2,364.0
2026-08-10,Kalimantan Timur,364.0,3194.17,30.7,24.5,0.9,0.9,16.2,22.94,4.91,78,2173.0,3117.0,18748.94,5.0,18.5,63.199999999999996,3,358.0
2026-08-11,Kalimantan Timur,358.0,2547.65,31.1,24.5,1.2,1.2,15.7,22.54,4.79,80,2395.0,3415.0,20463.97,6.1000000000000005,16.5,63.9,0,272.0
2026-08-12,Kalimantan Timur,272.0,1882.83,31.1,25.1,1.9,1.9,15.0,21.96,4.71,81,2355.0,3631.0,19269.649999999998,7.3999999999999995,15.0,64.1,0,359.0
2026-08-13,Kalimantan Timur,359.0,3708.14,31.2,25.3,1.2,1.2,17.5,22.18,4.88,79,2349.0,3892.0,19097.510000000002,7.7,14.200000000000001,65.1,0,313.0
2026-08-14,Kalimantan Timur,313.0,3714.66,32.3,25.6,0.1,0.1,16.0,23.41,5.11,80,2303.0,4085.0,19977.79,6.3999999999999995,13.5,61.699999999999996,1,334.0
2026-08-15,Kalimantan Timur,334.0,2509.11,31.5,25.5,0.6,0.6,16.0,22.88,5.0,79,2141.0,4238.0,18156.53,6.6,11.1,56.8,2,459.0
2026-08-16,Kalimantan Timur,459.0,3557.78,31.9,25.0,0.5,0.5,14.9,23.36,5.12,78,2459.0,4474.0,21114.34,6.4,10.5,55.5,3,315.0
2026-08-17,Kalimantan Timur,315.0,2154.16,32.1,25.2,0.5,0.5,16.6,23.53,5.09,81,2410.0,4583.0,20074.329999999998,6.0,11.0,54.199999999999996,4,489.0
2026-08-18,Kalimantan Timur,489.0,4453.39,31.5,25.0,0.0,0.0,17.9,23.54,5.02,81,2541.0,4936.0,21980.07,4.8,10.9,53.699999999999996,5,782.0
2026-08-19,Kalimantan Timur,782.0,5094.79,32.1,23.7,0.0,0.0,10.8,23.09,4.87,79,3051.0,5406.0,25192.03,2.9000000000000004,10.299999999999999,52.6,6,463.0
2026-08-20,Kalimantan Timur,463.0,3292.23,31.5,24.4,0.4,0.4,14.3,23.31,4.98,79,3155.0,5504.0,24776.12,2.1,9.8,48.099999999999994,7,450.0
2026-08-21,Kalimantan Timur,450.0,3637.35,31.3,24.7,1.1,1.1,13.0,22.8,4.83,80,3292.0,5595.0,24698.809999999998,3.1,9.5,35.699999999999996,0,369.0
2026-08-22,Kalimantan Timur,369.0,2525.73,32.4,24.9,0.8,0.8,15.3,22.16,4.86,79,3327.0,5468.0,24715.429999999997,3.3,9.9,33.199999999999996,1,360.0
2026-08-23,Kalimantan Timur,360.0,3373.51,32.1,25.2,0.8,0.8,18.0,23.42,5.15,78,3228.0,5687.0,24531.16,3.6,10.0,33.300000000000004,2,187.0
2026-08-24,Kalimantan Timur,187.0,979.99,31.1,25.4,1.2,1.2,18.5,23.07,5.08,78,3100.0,5510.0,23356.989999999998,4.300000000000001,10.3,33.9,0,230.0
2026-08-25,Kalimantan Timur,230.0,1399.72,31.5,25.0,0.0,0.0,17.7,23.78,5.34,76,2841.0,5382.0,20303.32,4.300000000000001,9.1,32.3,1,402.0
2026-08-26,Kalimantan Timur,402.0,3291.4,31.4,24.0,0.0,0.0,15.5,23.9,5.13,77,2461.0,5512.0,18499.93,4.300000000000001,7.2,28.8,2,532.0
2026-08-27,Kalimantan Timur,532.0,3318.5,31.2,24.4,0.0,0.0,17.9,21.41,4.76,79,2530.0,5685.0,18526.2,3.9000000000000004,6.0,25.6,3,897.0
2026-08-28,Kalimantan Timur,897.0,11824.2,31.3,24.3,0.0,0.0,17.0,23.92,5.35,74,2977.0,6269.0,26713.050000000003,2.8,5.9,22.2,4,643.0
2026-08-29,Kalimantan Timur,643.0,5041.33,32.0,24.0,0.0,0.0,17.5,23.78,5.22,77,3251.0,6578.0,29228.65,2.0,5.300000000000001,20.2,5,229.0
2026-01-05,Kalimantan Utara,1.0,1.76,31.2,23.6,22.8,22.8,10.3,13.19,2.79,88,1.0,1.0,1.76,22.8,22.8,22.8,0,0.0
2026-01-06,Kalimantan Utara,0.0,0.0,29.5,23.7,20.0,20.0,8.2,9.24,2.03,89,1.0,1.0,1.76,42.8,42.8,42.8,0,0.0
2026-01-07,Kalimantan Utara,0.0,0.0,29.6,22.7,20.0,20.0,9.0,14.34,3.01,86,1.0,1.0,1.76,62.8,62.8,62.8,0,0.0
2026-01-08,Kalimantan Utara,0.0,0.0,31.4,23.6,15.1,15.1,11.8,18.77,3.95,83,1.0,1.0,1.76,77.9,77.9,77.9,0,2.0
2026-01-09,Kalimantan Utara,2.0,2.16,31.3,23.7,3.8,3.8,9.7,17.69,3.71,86,3.0,3.0,3.92,81.7,81.7,81.7,0,5.0
2026-01-10,Kalimantan Utara,5.0,30.49,31.8,24.1,1.2,1.2,11.6,20.53,4.48,79,8.0,8.0,34.41,82.9,82.9,82.9,0,0.0
2026-01-11,Kalimantan Utara,0.0,0.0,32.3,23.5,2.4,2.4,10.6,20.16,4.33,78,8.0,8.0,34.41,85.3,85.3,85.3,0,0.0
2026-01-12,Kalimantan Utara,0.0,0.0,32.0,24.5,5.3,5.3,16.3,17.98,3.98,76,7.0,8.0,32.650000000000006,67.8,90.6,90.6,0,0.0
2026-01-13,Kalimantan Utara,0.0,0.0,32.3,23.8,5.1,5.1,12.4,21.24,4.58,80,7.0,8.0,32.650000000000006,52.900000000000006,95.7,95.7,0,10.0
2026-01-14,Kalimantan Utara,10.0,40.56,32.9,23.6,9.2,9.2,13.4,22.92,4.96,80,17.0,18.0,73.21000000000001,42.1,104.9,104.9,0,8.0
2026-01-15,Kalimantan Utara,8.0,42.72,33.1,24.0,15.0,15.0,9.6,21.99,4.68,82,25.0,26.0,115.93,42.0,119.9,119.9,0,7.0
2026-01-16,Kalimantan Utara,7.0,24.3,33.1,23.6,15.4,15.4,13.0,22.44,4.83,80,30.0,33.0,138.07000000000002,53.599999999999994,135.3,135.3,0,15.0
2026-01-17,Kalimantan Utara,15.0,61.26,33.9,24.3,0.9,0.9,12.9,22.18,4.89,78,40.0,48.0,168.84,53.3,136.2,136.2,1,9.0
2026-01-18,Kalimantan Utara,9.0,67.8,31.7,24.3,5.6,5.6,11.2,21.15,4.55,80,49.0,57.0,236.64,56.5,141.8,141.8,0,1.0
2026-01-19,Kalimantan Utara,1.0,13.98,31.3,23.6,13.0,13.0,9.8,19.18,4.06,83,50.0,57.0,250.62,64.2,132.0,154.8,0,7.0
2026-01-20,Kalimantan Utara,7.0,129.51,32.1,23.5,4.0,4.0,11.5,21.57,4.59,81,57.0,64.0,380.13,63.1,116.0,158.8,0,18.0
2026-01-21,Kalimantan Utara,18.0,110.55,32.2,24.2,2.2,2.2,10.4,21.58,4.68,77,65.0,82.0,450.12,56.1,98.2,161.0,0,30.0
2026-01-22,Kalimantan Utara,30.0,220.89000000000001,32.8,24.2,0.3,0.3,14.9,22.56,5.24,72,87.0,112.0,628.29,41.4,83.39999999999999,161.3,1,19.0
2026-01-23,Kalimantan Utara,19.0,221.85,31.6,24.5,1.2,1.2,17.3,22.76,5.39,72,99.0,129.0,825.8399999999999,27.200000000000003,80.8,162.5,0,2.0
2026-01-24,Kalimantan Utara,2.0,1.52,31.4,25.3,0.0,0.0,14.3,22.05,5.19,70,86.0,126.0,766.0999999999999,26.3,79.6,162.5,1,4.0
2026-01-25,Kalimantan Utara,4.0,19.049999999999997,30.6,24.3,2.2,2.2,12.8,22.1,4.77,78,81.0,130.0,717.35,22.900000000000002,79.4,164.7,0,15.0
2026-01-26,Kalimantan Utara,15.0,85.0,30.6,24.3,2.5,2.5,13.3,19.22,4.22,80,95.0,145.0,788.37,12.4,76.60000000000001,167.2,0,11.0
2026-01-27,Kalimantan Utara,11.0,81.45,32.3,24.2,0.6,0.6,14.6,23.55,5.1,75,99.0,156.0,740.31,9.0,72.1,167.8,1,1.0
2026-01-28,Kalimantan Utara,1.0,4.76,33.6,24.4,17.4,17.4,15.3,23.27,5.03,80,82.0,147.0,634.52,24.2,80.3,185.2,0,0.0
2026-01-29,Kalimantan Utara,0.0,0.0,30.6,23.4,19.6,19.6,12.8,17.86,3.57,88,52.0,139.0,413.63,43.5,84.9,204.8,0,0.0
2026-01-30,Kalimantan Utara,0.0,0.0,28.5,23.6,13.7,13.7,9.4,14.53,2.92,89,33.0,132.0,191.78,56.0,83.19999999999999,218.5,0,0.0
2026-01-31,Kalimantan Utara,0.0,0.0,29.9,23.2,4.6,4.6,8.7,12.16,2.64,78,31.0,117.0,190.26,60.599999999999994,86.9,223.1,0,3.0
2026-02-01,Kalimantan Utara,3.0,42.64,31.9,24.1,7.0,7.0,14.0,22.15,4.93,75,30.0,111.0,213.85,65.4,88.3,230.1,0,3.0
2026-02-02,Kalimantan Utara,3.0,123.02,32.2,22.7,19.3,19.3,11.4,20.69,4.43,81,18.0,113.0,251.87,82.2,94.6,249.4,0,5.0
2026-02-03,Kalimantan Utara,5.0,39.66,32.0,22.3,6.6,6.6,14.5,23.41,5.1,79,12.0,111.0,210.08,88.2,97.19999999999999,256.0,0,0.0
2026-02-04,Kalimantan Utara,0.0,0.0,32.0,23.2,23.2,23.2,11.7,19.51,4.17,84,11.0,93.0,205.32,94.0,118.2,256.4,0,0.0
2026-02-05,Kalimantan Utara,0.0,0.0,29.5,23.6,3.8,3.8,8.6,13.05,2.74,84,11.0,63.0,205.32,78.2,121.69999999999999,240.2,0,0.0
2026-02-06,Kalimantan Utara,0.0,0.0,28.8,23.5,10.6,10.6,9.2,13.26,2.78,87,11.0,44.0,205.32,75.1,131.1,230.79999999999998,0,2.0
2026-02-07,Kalimantan Utara,2.0,15.190000000000001,30.9,24.1,8.1,8.1,7.9,18.04,3.78,84,13.0,44.0,220.51,78.6,139.2,223.79999999999998,0,0.0
2026-02-08,Kalimantan Utara,0.0,0.0,29.4,24.6,2.3,2.3,9.4,16.53,3.46,83,10.0,40.0,177.87,73.89999999999999,139.29999999999998,222.3,0,0.0
2026-02-09,Kalimantan Utara,0.0,0.0,31.0,23.8,3.1,3.1,12.1,22.45,4.84,79,7.0,25.0,54.849999999999994,57.699999999999996,139.89999999999998,224.2,0,1.0
2026-02-10,Kalimantan Utara,1.0,8.1,30.7,23.6,26.8,26.8,11.8,19.32,3.93,85,3.0,15.0,23.29,77.89999999999999,166.1,248.6,0,1.0
2026-02-11,Kalimantan Utara,1.0,4.01,31.2,24.3,2.1,2.1,12.5,20.24,4.29,79,4.0,15.0,27.3,56.8,150.79999999999998,245.4,0,0.0
2026-02-12,Kalimantan Utara,0.0,0.0,30.7,24.2,8.8,8.8,10.1,14.73,3.11,86,4.0,15.0,27.3,61.800000000000004,140.0,249.1,0,0.0
2026-02-13,Kalimantan Utara,0.0,0.0,30.9,24.2,5.8,5.8,12.0,20.33,4.26,80,4.0,15.0,27.3,57.0,132.1,245.7,0,0.0
2026-02-14,Kalimantan Utara,0.0,0.0,29.9,23.6,4.8,4.8,16.2,13.48,2.96,84,2.0,15.0,12.11,53.7,132.29999999999998,235.5,0,0.0
2026-02-15,Kalimantan Utara,0.0,0.0,31.3,24.3,1.2,1.2,13.3,22.26,4.77,77,2.0,12.0,12.11,52.6,126.5,221.29999999999998,0,9.0
2026-02-16,Kalimantan Utara,9.0,59.599999999999994,30.8,25.4,5.1,5.1,13.4,20.73,4.25,81,11.0,18.0,71.71,54.6,112.3,225.5,0,0.0
2026-02-17,Kalimantan Utara,0.0,0.0,31.9,25.1,2.6,2.6,13.6,23.89,5.22,77,10.0,13.0,63.60999999999999,30.4,108.3,222.49999999999997,0,12.0
2026-02-18,Kalimantan Utara,12.0,87.45,32.0,23.8,7.1,7.1,16.4,19.75,4.35,82,21.0,25.0,147.05,35.4,92.2,216.6,0,0.0
2026-02-19,Kalimantan Utara,0.0,0.0,28.4,24.0,27.7,27.7,12.1,12.26,2.48,91,21.0,25.0,147.05,54.3,116.1,240.29999999999998,0,0.0
2026-02-20,Kalimantan Utara,0.0,0.0,29.0,24.1,20.0,20.0,12.9,16.52,3.27,89,21.0,25.0,147.05,68.5,125.5,258.1,0,0.0
2026-02-21,Kalimantan Utara,0.0,0.0,29.9,24.1,6.1,6.1,8.1,14.47,2.99,88,21.0,23.0,147.05,69.8,123.5,263.9,0,0.0
2026-02-22,Kalimantan Utara,0.0,0.0,30.0,24.1,2.4,2.4,12.5,17.59,3.67,83,21.0,23.0,147.05,71.0,123.6,265.09999999999997,0,0.0
2026-02-23,Kalimantan Utara,0.0,0.0,31.6,23.7,13.5,13.5,10.3,21.6,4.54,79,12.0,23.0,87.45,79.4,134.0,278.6,0,0.0
2026-02-24,Kalimantan Utara,0.0,0.0,30.9,23.9,20.8,20.8,8.8,18.22,3.74,85,12.0,22.0,87.45,97.6,128.0,297.2,0,0.0
2026-02-25,Kalimantan Utara,0.0,0.0,31.4,23.9,6.9,6.9,8.4,19.61,4.1,83,0.0,21.0,0.0,97.4,132.8,301.6,0,2.0
2026-02-26,Kalimantan Utara,2.0,9.55,31.6,23.6,18.8,18.8,12.1,15.66,3.48,84,2.0,23.0,9.55,88.5,142.8,319.79999999999995,0,2.0
2026-02-27,Kalimantan Utara,2.0,9.51,32.0,23.8,11.8,11.8,14.4,19.45,4.09,84,4.0,25.0,19.060000000000002,80.3,148.79999999999998,314.2,0,0.0
2026-02-28,Kalimantan Utara,0.0,0.0,29.9,23.3,12.2,12.2,9.5,13.32,2.78,88,4.0,25.0,19.060000000000002,86.4,156.20000000000002,306.79999999999995,0,0.0
2026-03-01,Kalimantan Utara,0.0,0.0,31.4,24.0,1.9,1.9,12.0,22.3,4.72,80,4.0,25.0,19.060000000000002,85.9,156.9,295.0,0,0.0
2026-03-02,Kalimantan Utara,0.0,0.0,31.8,23.9,13.3,13.3,10.0,22.53,4.74,82,4.0,16.0,19.060000000000002,85.7,165.1,303.7,0,0.0
2026-03-03,Kalimantan Utara,0.0,0.0,28.7,22.9,9.5,9.5,12.7,12.78,2.55,91,4.0,16.0,19.060000000000002,74.4,172.0,306.2,0,2.0
2026-03-04,Kalimantan Utara,2.0,23.47,32.7,23.3,20.1,20.1,11.3,22.26,4.77,81,6.0,6.0,42.53,87.6,185.0,307.0,0,0.0
2026-03-05,Kalimantan Utara,0.0,0.0,30.0,22.7,13.3,13.3,8.5,13.32,2.87,85,4.0,6.0,32.980000000000004,82.10000000000001,170.6,313.7,0,1.0
2026-03-06,Kalimantan Utara,1.0,4.14,31.1,24.0,9.4,9.4,13.6,20.86,4.46,82,3.0,7.0,27.61,79.7,160.0,299.90000000000003,0,0.0
2026-03-07,Kalimantan Utara,0.0,0.0,26.7,23.0,13.9,13.9,9.4,8.97,1.79,94,3.0,7.0,27.61,81.4,167.8,310.0,0,0.0
2026-03-08,Kalimantan Utara,0.0,0.0,31.3,24.9,1.4,1.4,9.5,17.27,3.87,78,3.0,7.0,27.61,80.9,166.8,300.79999999999995,0,0.0
2026-03-09,Kalimantan Utara,0.0,0.0,32.3,23.9,1.2,1.2,13.0,20.24,4.53,78,3.0,7.0,27.61,68.8,154.5,293.90000000000003,0,0.0
2026-03-10,Kalimantan Utara,0.0,0.0,33.2,23.6,2.2,2.2,13.4,23.68,5.12,78,3.0,7.0,27.61,61.5,135.9,293.8,0,0.0
2026-03-11,Kalimantan Utara,0.0,0.0,31.0,23.6,12.0,12.0,10.9,18.74,3.97,83,1.0,7.0,4.14,53.400000000000006,141.0,302.70000000000005,0,0.0
2026-03-12,Kalimantan Utara,0.0,0.0,31.7,23.5,5.9,5.9,12.3,21.18,4.52,81,1.0,5.0,4.14,46.00000000000001,128.1,281.8,0,0.0
2026-03-13,Kalimantan Utara,0.0,0.0,31.1,24.0,4.6,4.6,11.8,17.09,3.6,85,0.0,3.0,0.0,41.2,120.9,284.3,0,2.0
2026-03-14,Kalimantan Utara,2.0,6.3,31.1,23.7,0.8,0.8,14.7,22.11,5.02,77,2.0,5.0,6.3,28.1,109.50000000000001,276.3,1,0.0
2026-03-15,Kalimantan Utara,0.0,0.0,30.9,24.0,5.7,5.7,14.1,20.21,4.54,76,2.0,5.0,6.3,32.400000000000006,113.30000000000001,276.2,0,0.0
2026-03-16,Kalimantan Utara,0.0,0.0,30.1,24.6,3.1,3.1,11.6,15.58,3.62,77,2.0,5.0,6.3,34.3,103.10000000000001,274.5,0,2.0
2026-03-17,Kalimantan Utara,2.0,13.45,30.3,24.0,7.3,7.3,11.7,21.05,4.4,81,4.0,7.0,19.75,39.400000000000006,100.9,280.59999999999997,0,0.0
2026-03-18,Kalimantan Utara,0.0,0.0,29.9,24.1,3.3,3.3,15.3,17.46,3.63,83,4.0,5.0,19.75,30.7,84.10000000000001,278.8,0,0.0
2026-03-19,Kalimantan Utara,0.0,0.0,30.4,24.4,1.5,1.5,10.6,18.27,3.91,81,4.0,5.0,19.75,26.299999999999997,72.30000000000001,277.7,0,3.0
2026-03-20,Kalimantan Utara,3.0,9.719999999999999,31.4,23.8,8.6,8.6,10.9,20.19,4.31,81,7.0,7.0,29.47,30.3,71.5,279.20000000000005,0,0.0
2026-03-21,Kalimantan Utara,0.0,0.0,30.9,23.3,5.8,5.8,13.7,23.18,4.95,78,5.0,7.0,23.169999999999998,35.3,63.4,257.3,0,4.0
2026-03-22,Kalimantan Utara,4.0,16.6,31.0,24.4,0.5,0.5,13.3,24.95,5.42,74,9.0,11.0,39.769999999999996,30.1,62.5,237.8,1,1.0
2026-03-23,Kalimantan Utara,1.0,3.01,31.7,24.0,3.6,3.6,14.4,22.54,4.82,79,10.0,12.0,42.78,30.599999999999998,64.9,235.3,0,0.0
2026-03-24,Kalimantan Utara,0.0,0.0,31.7,24.5,1.0,1.0,12.8,23.04,5.0,76,8.0,12.0,29.33,24.299999999999997,63.7,233.9,0,2.0
2026-03-25,Kalimantan Utara,2.0,19.92,32.1,24.1,2.8,2.8,13.2,24.49,5.31,76,10.0,14.0,49.25,23.8,54.50000000000001,223.20000000000002,0,9.0
2026-03-26,Kalimantan Utara,9.0,88.48,30.9,24.4,2.4,2.4,11.6,22.82,4.82,78,19.0,23.0,137.73000000000002,24.700000000000003,51.0,204.79999999999998,0,6.0
2026-03-27,Kalimantan Utara,6.0,65.16000000000001,32.1,24.7,0.5,0.5,14.4,24.15,5.16,79,22.0,29.0,193.17000000000002,16.6,46.900000000000006,198.4,1,10.0
2026-03-28,Kalimantan Utara,10.0,104.25999999999999,31.8,24.4,0.4,0.4,11.6,23.22,4.96,79,32.0,37.0,297.43,11.2,46.5,180.0,2,10.0
2026-03-29,Kalimantan Utara,10.0,61.43,32.0,24.1,1.1,1.1,10.6,22.89,4.95,77,38.0,47.0,342.26,11.799999999999999,41.9,169.29999999999998,0,14.0
2026-03-30,Kalimantan Utara,14.0,89.00999999999999,31.8,24.3,3.7,3.7,14.6,24.06,5.25,78,51.0,61.0,428.26,11.899999999999999,42.5,160.8,0,1.0
2026-03-31,Kalimantan Utara,1.0,4.15,29.6,24.0,10.0,10.0,12.3,17.48,3.53,86,52.0,60.0,432.40999999999997,20.9,45.2,168.9,0,0.0
2026-04-01,Kalimantan Utara,0.0,0.0,31.2,23.8,11.6,11.6,12.5,23.3,5.0,80,50.0,60.0,412.49,29.699999999999996,53.5,167.20000000000002,0,0.0
2026-04-02,Kalimantan Utara,0.0,0.0,29.9,24.0,5.1,5.1,9.3,18.59,3.76,87,41.0,60.0,324.01,32.4,57.1,162.8,0,2.0
2026-04-03,Kalimantan Utara,2.0,13.7,31.5,23.9,9.0,9.0,10.6,21.14,4.4,84,37.0,59.0,272.55,40.9,57.5,151.7,0,1.0
2026-04-04,Kalimantan Utara,1.0,8.67,30.7,25.0,2.9,2.9,12.5,17.3,3.66,83,28.0,60.0,176.96,43.4,54.6,141.3,0,3.0
2026-04-05,Kalimantan Utara,3.0,18.72,31.6,24.0,2.9,2.9,12.6,22.41,4.64,83,21.0,59.0,134.25,45.199999999999996,57.0,134.8,0,2.0
2026-04-06,Kalimantan Utara,2.0,9.690000000000001,32.0,24.9,3.3,3.3,12.0,22.52,4.77,81,9.0,60.0,54.93,44.8,56.7,124.2,0,9.0
2026-04-07,Kalimantan Utara,9.0,55.49,32.2,24.6,16.8,16.8,14.1,20.19,4.19,84,17.0,69.0,106.27000000000001,51.599999999999994,72.5,139.6,0,2.0
2026-04-08,Kalimantan Utara,2.0,11.899999999999999,32.9,24.1,15.9,15.9,11.8,22.94,4.79,82,19.0,69.0,118.17,55.9,85.60000000000001,154.3,0,5.0
2026-04-09,Kalimantan Utara,5.0,18.68,32.7,23.9,10.3,10.3,12.0,24.24,5.23,79,24.0,65.0,136.85,61.1,93.5,162.39999999999998,0,0.0
2026-04-10,Kalimantan Utara,0.0,0.0,32.3,24.3,14.8,14.8,11.1,21.48,4.47,83,22.0,59.0,123.15,66.9,107.8,165.2,0,2.0
2026-04-11,Kalimantan Utara,2.0,11.17,33.0,22.9,19.9,19.9,12.3,19.85,4.22,83,23.0,51.0,125.64999999999999,83.89999999999999,127.30000000000001,179.20000000000002,0,0.0
2026-04-12,Kalimantan Utara,0.0,0.0,32.6,24.2,16.6,16.6,10.4,20.89,4.37,83,20.0,41.0,106.92999999999999,97.6,142.8,191.2,0,0.0
2026-04-13,Kalimantan Utara,0.0,0.0,32.5,24.3,2.0,2.0,10.6,20.85,4.42,83,18.0,27.0,97.24,96.30000000000001,141.10000000000002,192.4,0,1.0
2026-04-14,Kalimantan Utara,1.0,2.95,32.1,25.0,2.8,2.8,12.5,19.2,4.24,80,10.0,27.0,44.699999999999996,82.3,133.9,189.5,0,1.0
2026-04-15,Kalimantan Utara,1.0,17.02,32.2,23.9,0.7,0.7,12.0,24.81,5.4,77,9.0,28.0,49.82,67.1,123.0,187.1,1,13.0
2026-04-16,Kalimantan Utara,13.0,68.85,31.7,23.5,1.9,1.9,12.2,20.24,4.35,80,17.0,41.0,99.99,58.699999999999996,119.80000000000001,181.70000000000002,0,4.0
2026-04-17,Kalimantan Utara,4.0,22.200000000000003,31.3,24.0,2.1,2.1,12.5,21.12,4.5,81,21.0,43.0,122.19,46.0,112.9,180.5,0,9.0
2026-04-18,Kalimantan Utara,9.0,113.8,31.0,24.4,0.8,0.8,12.1,21.97,4.64,79,28.0,51.0,224.82,26.900000000000002,110.8,179.8,1,2.0
2026-04-19,Kalimantan Utara,2.0,14.780000000000001,31.5,24.5,2.1,2.1,11.5,20.79,4.45,81,30.0,50.0,239.6,12.4,110.0,173.3,0,8.0
2026-04-20,Kalimantan Utara,8.0,36.910000000000004,31.9,24.0,3.0,3.0,10.4,20.87,4.39,81,38.0,56.0,276.51,13.4,109.7,170.5,0,2.0
2026-04-21,Kalimantan Utara,2.0,1.98,29.6,24.5,8.4,8.4,10.8,17.81,3.63,86,39.0,49.0,275.54,19.0,101.3,178.4,0,3.0
2026-04-22,Kalimantan Utara,3.0,26.79,29.8,24.7,17.6,17.6,11.3,15.81,3.26,87,41.0,50.0,285.30999999999995,35.900000000000006,103.0,192.4,0,3.0
2026-04-23,Kalimantan Utara,3.0,18.96,30.9,24.5,1.3,1.3,11.1,18.75,3.94,82,31.0,48.0,235.42000000000002,35.300000000000004,94.0,192.7,0,2.0
2026-04-24,Kalimantan Utara,2.0,15.05,32.1,24.7,0.5,0.5,13.8,24.9,5.33,78,29.0,50.0,228.27,33.7,79.7,190.39999999999998,1,19.0
2026-04-25,Kalimantan Utara,19.0,204.32,32.3,25.0,1.0,1.0,13.2,23.65,5.05,78,39.0,67.0,318.78999999999996,33.9,60.800000000000004,189.0,0,32.0
2026-04-26,Kalimantan Utara,32.0,266.19,32.7,24.7,0.3,0.3,12.0,24.54,5.43,76,69.0,99.0,570.2,32.1,44.5,188.8,1,13.0
2026-04-27,Kalimantan Utara,13.0,141.31,32.3,25.4,1.9,1.9,13.9,22.97,4.97,78,74.0,112.0,674.5999999999999,31.0,44.400000000000006,190.3,0,0.0
2026-04-28,Kalimantan Utara,0.0,0.0,31.8,23.9,1.0,1.0,11.9,21.8,4.71,81,72.0,111.0,672.6200000000001,23.6,42.60000000000001,190.20000000000002,0,4.0
2026-04-29,Kalimantan Utara,4.0,51.2,32.1,24.7,1.4,1.4,11.5,22.25,4.87,79,73.0,114.0,697.03,7.4,43.300000000000004,187.9,0,0.0
2026-04-30,Kalimantan Utara,0.0,0.0,32.1,25.1,3.4,3.4,14.0,23.85,5.22,77,70.0,101.0,678.07,9.5,44.800000000000004,181.29999999999998,0,0.0
2026-05-01,Kalimantan Utara,0.0,0.0,31.9,24.0,3.7,3.7,10.7,21.55,4.57,80,68.0,97.0,663.02,12.7,46.400000000000006,173.4,0,0.0
2026-05-02,Kalimantan Utara,0.0,0.0,32.4,24.9,2.3,2.3,12.4,23.14,5.12,76,49.0,88.0,458.70000000000005,14.0,47.900000000000006,170.6,0,0.0
2026-05-03,Kalimantan Utara,0.0,0.0,33.4,24.7,0.5,0.5,12.6,23.47,5.42,72,17.0,86.0,192.51,14.2,46.300000000000004,162.1,1,0.0
2026-05-04,Kalimantan Utara,0.0,0.0,32.6,23.3,17.7,17.7,14.6,21.57,4.67,79,4.0,78.0,51.2,30.0,61.0,176.9,0,9.0
2026-05-05,Kalimantan Utara,9.0,45.48,32.8,23.5,12.0,12.0,11.0,20.88,4.32,82,13.0,85.0,96.68,41.0,64.6,186.0,0,7.0
2026-05-06,Kalimantan Utara,7.0,66.85,32.0,24.6,7.8,7.8,13.2,20.13,4.18,83,16.0,89.0,112.33,47.4,54.800000000000004,190.5,0,6.0
2026-05-07,Kalimantan Utara,6.0,30.549999999999997,32.7,24.5,2.6,2.6,9.4,21.3,4.57,80,22.0,92.0,142.88,46.6,56.1,176.3,0,6.0
2026-05-08,Kalimantan Utara,6.0,32.37,32.5,24.9,1.7,1.7,10.9,20.16,4.32,80,28.0,96.0,175.25,44.6,57.3,162.1,0,25.0
2026-05-09,Kalimantan Utara,25.0,194.67000000000002,32.4,25.2,1.0,1.0,11.0,21.43,4.75,78,53.0,102.0,369.92,43.3,57.3,152.8,0,0.0
2026-05-10,Kalimantan Utara,0.0,0.0,32.9,24.7,1.2,1.2,10.1,20.63,4.59,79,53.0,70.0,369.92,43.99999999999999,58.2,139.2,0,17.0
2026-05-11,Kalimantan Utara,17.0,223.03,33.0,25.6,1.5,1.5,12.1,23.38,5.21,76,70.0,74.0,592.95,27.8,57.8,120.8,0,16.0
2026-05-12,Kalimantan Utara,16.0,246.47,33.5,25.5,6.4,6.4,13.3,21.71,4.77,79,77.0,90.0,793.94,22.2,63.199999999999996,110.60000000000001,0,4.0
2026-05-13,Kalimantan Utara,4.0,15.1,31.9,25.1,8.5,8.5,8.5,18.21,3.78,87,74.0,90.0,742.19,22.9,70.3,117.1,0,24.0
2026-05-14,Kalimantan Utara,24.0,177.32,32.9,25.1,8.6,8.6,13.8,20.04,4.36,81,92.0,114.0,888.96,28.9,75.5,122.9,0,2.0
2026-05-15,Kalimantan Utara,2.0,1.51,30.5,24.3,4.6,4.6,9.8,13.51,2.78,90,88.0,116.0,858.1,31.799999999999997,76.4,126.8,0,1.0
2026-05-16,Kalimantan Utara,1.0,10.12,32.3,25.2,7.3,7.3,9.4,21.2,4.53,79,64.0,117.0,673.5500000000001,38.099999999999994,81.4,132.2,0,0.0
2026-05-17,Kalimantan Utara,0.0,0.0,30.0,25.3,14.6,14.6,10.5,16.08,3.29,88,64.0,117.0,673.5500000000001,51.5,95.5,144.7,0,2.0
2026-05-18,Kalimantan Utara,2.0,6.49,32.7,25.2,3.5,3.5,12.3,22.4,4.76,80,49.0,119.0,457.01,53.5,81.3,147.39999999999998,0,12.0
2026-05-19,Kalimantan Utara,12.0,376.12,31.2,25.6,3.0,3.0,10.1,18.47,3.99,79,45.0,122.0,586.66,50.099999999999994,72.3,148.29999999999998,0,9.0
2026-05-20,Kalimantan Utara,9.0,141.64000000000001,32.9,24.9,3.1,3.1,11.2,17.89,3.91,83,50.0,124.0,713.1999999999999,44.699999999999996,67.60000000000001,148.4,0,12.0
2026-05-21,Kalimantan Utara,12.0,101.47,33.1,24.5,0.1,0.1,14.1,23.68,5.15,78,38.0,130.0,637.35,36.2,65.1,140.1,1,17.0
2026-05-22,Kalimantan Utara,17.0,138.83,33.2,25.4,2.9,2.9,10.8,21.34,4.75,77,53.0,141.0,774.6700000000001,34.5,66.3,125.39999999999999,0,14.0
2026-05-23,Kalimantan Utara,14.0,93.3,33.8,24.2,9.9,9.9,12.7,22.63,4.97,79,66.0,130.0,857.85,37.099999999999994,75.2,134.0,0,2.0
2026-05-24,Kalimantan Utara,2.0,3.88,31.9,24.0,22.9,22.9,9.6,18.68,3.92,86,68.0,132.0,861.73,45.4,96.89999999999999,156.4,0,0.0
2026-05-25,Kalimantan Utara,0.0,0.0,32.2,24.3,14.1,14.1,11.2,16.59,3.63,82,66.0,115.0,855.24,56.0,109.5,169.5,0,0.0
2026-05-26,Kalimantan Utara,0.0,0.0,32.3,24.4,67.5,67.5,10.5,19.84,4.04,88,54.0,99.0,479.12,120.5,170.6,236.7,0,0.0
2026-05-27,Kalimantan Utara,0.0,0.0,31.3,24.8,20.9,20.9,8.8,14.75,3.31,83,45.0,95.0,337.48,138.3,183.0,255.70000000000002,0,1.0
2026-05-28,Kalimantan Utara,1.0,2.29,31.8,25.2,1.9,1.9,11.2,16.82,3.78,81,34.0,72.0,238.3,140.10000000000002,176.3,256.6,0,0.0
2026-05-29,Kalimantan Utara,0.0,0.0,32.6,24.6,30.1,30.1,10.8,17.98,3.7,88,17.0,70.0,99.47,167.3,201.8,285.3,0,2.0
2026-05-30,Kalimantan Utara,2.0,29.400000000000002,32.6,25.0,3.1,3.1,10.7,17.26,3.85,81,5.0,71.0,35.57,160.5,197.6,285.0,0,1.0
2026-05-31,Kalimantan Utara,1.0,1.27,33.0,25.5,2.7,2.7,11.9,18.92,4.15,80,4.0,72.0,32.96,140.29999999999998,185.7,284.0,0,1.0
2026-06-01,Kalimantan Utara,1.0,3.15,33.1,25.1,7.1,7.1,10.9,16.86,3.83,82,5.0,71.0,36.11,133.3,189.3,288.8,0,3.0
2026-06-02,Kalimantan Utara,3.0,4.4,32.4,24.8,14.4,14.4,10.3,17.18,3.71,83,8.0,62.0,40.510000000000005,80.2,200.7,302.70000000000005,0,11.0
2026-06-03,Kalimantan Utara,11.0,37.45,33.0,24.3,19.9,19.9,10.1,21.66,4.46,85,19.0,64.0,77.96000000000001,79.2,217.5,304.9,0,8.0
2026-06-04,Kalimantan Utara,8.0,41.09,32.6,24.3,6.9,6.9,13.3,21.98,4.85,79,26.0,60.0,116.76,84.19999999999999,224.3,299.79999999999995,0,8.0
2026-06-05,Kalimantan Utara,8.0,26.270000000000003,34.0,25.1,2.5,2.5,13.7,22.65,5.08,77,34.0,51.0,143.03,56.6,223.9,294.5,0,32.0
2026-06-06,Kalimantan Utara,32.0,432.42,32.9,24.6,2.4,2.4,14.0,22.49,4.84,80,64.0,69.0,546.05,55.9,216.4,294.3,0,22.0
2026-06-07,Kalimantan Utara,22.0,146.45,33.3,25.5,2.3,2.3,13.9,22.49,4.96,79,85.0,89.0,691.23,55.5,195.79999999999998,294.90000000000003,0,27.0
2026-06-08,Kalimantan Utara,27.0,172.22,33.7,25.3,9.9,9.9,10.1,19.94,4.31,82,111.0,116.0,860.3000000000001,58.3,191.6,303.8,0,34.0
2026-06-09,Kalimantan Utara,34.0,244.34,34.3,24.2,16.6,16.6,13.0,21.18,4.6,82,142.0,150.0,1100.24,60.5,140.7,319.20000000000005,0,19.0
2026-06-10,Kalimantan Utara,19.0,79.12,32.7,23.9,27.6,27.6,12.3,18.54,3.93,85,150.0,169.0,1141.91,68.2,147.4,345.3,0,11.0
2026-06-11,Kalimantan Utara,11.0,39.35,32.8,24.1,12.1,12.1,12.8,20.42,4.39,80,153.0,179.0,1140.17,73.4,157.6,351.0,0,0.0
2026-06-12,Kalimantan Utara,0.0,0.0,29.4,24.6,29.1,29.1,7.3,12.86,2.58,92,145.0,179.0,1113.8999999999999,100.0,156.6,371.6,0,1.0
2026-06-13,Kalimantan Utara,1.0,2.5,30.3,24.9,12.9,12.9,10.6,17.85,3.58,86,114.0,178.0,683.98,110.50000000000001,166.4,375.90000000000003,0,5.0
2026-06-14,Kalimantan Utara,5.0,18.28,32.2,24.6,2.4,2.4,9.6,17.0,3.66,82,97.0,182.0,555.8100000000001,110.6,166.10000000000002,373.7,0,4.0
2026-06-15,Kalimantan Utara,4.0,13.05,31.9,24.8,10.9,10.9,10.6,19.62,4.11,84,74.0,185.0,396.64,111.60000000000001,169.89999999999998,377.3,0,1.0
2026-06-16,Kalimantan Utara,1.0,4.79,32.0,24.1,8.8,8.8,17.0,17.55,3.64,83,41.0,183.0,157.09,103.8,164.3,371.50000000000006,0,4.0
2026-06-17,Kalimantan Utara,4.0,8.45,32.8,23.4,7.0,7.0,12.9,21.39,4.57,81,26.0,176.0,86.42,83.2,151.4,375.00000000000006,0,6.0
2026-06-18,Kalimantan Utara,6.0,39.519999999999996,32.9,24.2,1.0,1.0,12.6,21.73,4.71,78,21.0,174.0,86.59,72.1,145.5,373.00000000000006,0,46.0
2026-06-19,Kalimantan Utara,46.0,378.92,33.4,24.6,8.0,8.0,10.9,20.76,4.44,81,67.0,212.0,465.51,51.0,151.0,377.90000000000003,0,37.0
2026-06-20,Kalimantan Utara,37.0,300.15000000000003,33.6,24.6,3.6,3.6,12.3,22.17,4.89,78,103.0,217.0,763.1600000000001,41.7,152.2,381.4,0,27.0
2026-06-21,Kalimantan Utara,27.0,336.52,33.4,23.6,13.4,13.4,11.8,20.29,4.36,83,125.0,222.0,1081.4,52.7,163.3,391.90000000000003,0,2.0
2026-06-22,Kalimantan Utara,2.0,9.129999999999999,32.2,24.1,24.3,24.3,10.6,16.24,3.55,82,123.0,197.0,1077.4800000000002,66.1,177.70000000000002,406.3,0,2.0
2026-06-23,Kalimantan Utara,2.0,4.29,32.4,23.9,1.0,1.0,8.2,18.92,4.02,81,124.0,165.0,1076.9800000000002,58.300000000000004,162.10000000000002,384.4,0,5.0
2026-06-24,Kalimantan Utara,5.0,45.05,32.7,25.2,1.3,1.3,10.3,20.69,4.46,80,125.0,151.0,1113.5800000000002,52.6,135.79999999999998,371.6,0,42.0
2026-06-25,Kalimantan Utara,42.0,365.09,32.8,24.0,6.0,6.0,14.7,21.49,4.69,80,161.0,182.0,1439.15,57.6,129.7,310.1,0,21.0
2026-06-26,Kalimantan Utara,21.0,226.97,32.9,23.9,5.9,5.9,10.2,22.44,4.64,82,136.0,203.0,1287.2,55.50000000000001,106.5,295.1,0,13.0
2026-06-27,Kalimantan Utara,13.0,100.32000000000001,32.5,24.0,11.9,11.9,13.0,21.52,4.68,81,112.0,215.0,1087.37,63.800000000000004,105.5,305.1,0,17.0
2026-06-28,Kalimantan Utara,17.0,84.89,32.6,23.9,3.4,3.4,16.1,20.7,4.38,81,102.0,227.0,835.74,53.800000000000004,106.50000000000001,278.4,0,20.0
2026-06-29,Kalimantan Utara,20.0,176.9,33.8,23.8,1.7,1.7,9.5,21.25,4.62,79,120.0,243.0,1003.51,31.200000000000003,97.3,277.00000000000006,0,11.0
2026-06-30,Kalimantan Utara,11.0,38.39,33.7,24.6,13.9,13.9,12.3,21.67,4.55,84,129.0,253.0,1037.61,44.1,102.4,288.2,0,0.0
2026-07-01,Kalimantan Utara,0.0,0.0,30.7,23.9,7.1,7.1,11.6,14.48,3.09,86,124.0,249.0,992.5600000000001,49.900000000000006,102.5,288.20000000000005,0,2.0
2026-07-02,Kalimantan Utara,2.0,7.9799999999999995,31.9,24.5,5.7,5.7,9.1,16.37,3.51,84,84.0,245.0,635.45,49.6,107.2,279.5,0,2.0
2026-07-03,Kalimantan Utara,2.0,12.29,32.3,23.6,9.2,9.2,10.5,18.77,3.94,83,65.0,201.0,420.77,52.9,108.4,268.8,0,16.0
2026-07-04,Kalimantan Utara,16.0,50.0,33.1,23.8,1.6,1.6,15.7,22.2,4.95,77,68.0,180.0,370.45,42.6,106.39999999999999,263.50000000000006,0,58.0
2026-07-05,Kalimantan Utara,58.0,323.86,32.7,23.3,5.0,5.0,15.2,22.45,4.92,77,109.0,211.0,609.4200000000001,44.2,98.0,266.00000000000006,0,20.0
2026-07-06,Kalimantan Utara,20.0,139.52,32.7,23.9,5.0,5.0,9.8,21.06,4.37,83,109.0,229.0,572.0400000000001,47.5,78.69999999999999,268.6,0,0.0
2026-07-07,Kalimantan Utara,0.0,0.0,28.3,23.8,39.6,39.6,13.1,11.46,2.31,94,98.0,227.0,533.6500000000001,73.2,117.3,305.9,0,0.0
2026-07-08,Kalimantan Utara,0.0,0.0,30.2,24.0,42.6,42.6,12.4,12.15,2.59,90,98.0,222.0,533.6500000000001,108.70000000000002,158.6,338.6,0,2.0
2026-07-09,Kalimantan Utara,2.0,3.6,33.2,24.4,4.3,4.3,13.3,19.72,4.45,79,98.0,182.0,529.2700000000001,107.30000000000001,156.9,326.3,0,18.0
2026-07-10,Kalimantan Utara,18.0,369.59,33.7,25.4,0.8,0.8,14.8,20.62,4.93,73,114.0,179.0,886.5699999999999,98.9,151.79999999999998,299.5,1,36.0
2026-07-11,Kalimantan Utara,36.0,265.54,34.2,25.2,0.6,0.6,13.6,20.96,4.92,74,134.0,202.0,1102.11,97.9,140.5,288.0,2,9.0
2026-07-12,Kalimantan Utara,9.0,79.38,33.6,25.1,5.4,5.4,11.8,20.21,4.51,80,85.0,194.0,857.6300000000001,98.30000000000001,142.5,264.29999999999995,0,22.0
2026-07-13,Kalimantan Utara,22.0,220.29,32.2,24.1,3.6,3.6,9.2,17.04,3.59,86,87.0,196.0,938.4,96.9,144.4,255.0,0,35.0
2026-07-14,Kalimantan Utara,35.0,288.59999999999997,33.2,25.4,1.6,1.6,11.5,21.5,4.66,80,122.0,220.0,1227.0,58.900000000000006,132.1,254.2,0,12.0
2026-07-15,Kalimantan Utara,12.0,120.62,32.4,24.9,5.2,5.2,13.0,21.52,4.67,80,134.0,232.0,1347.62,21.5,130.20000000000002,248.50000000000003,0,39.0
2026-07-16,Kalimantan Utara,39.0,520.64,33.2,24.1,22.1,22.1,12.0,21.87,4.57,84,171.0,269.0,1864.6599999999999,39.3,146.60000000000002,261.8,0,0.0
2026-07-17,Kalimantan Utara,0.0,0.0,31.5,24.0,8.7,8.7,9.0,19.49,4.06,84,153.0,267.0,1495.0699999999997,47.2,146.10000000000002,263.5,0,30.0
2026-07-18,Kalimantan Utara,30.0,308.92,33.3,24.8,5.7,5.7,11.5,22.19,4.81,79,147.0,281.0,1538.4499999999998,52.300000000000004,150.2,268.2,0,8.0
2026-07-19,Kalimantan Utara,8.0,53.11,30.3,23.9,9.2,9.2,7.4,18.32,3.66,89,146.0,231.0,1512.18,56.1,154.4,269.40000000000003,0,2.0
2026-07-20,Kalimantan Utara,2.0,7.08,32.5,24.1,4.5,4.5,10.2,19.93,4.15,86,126.0,213.0,1298.97,57.0,153.9,270.3,0,4.0
2026-07-21,Kalimantan Utara,4.0,16.6,31.1,23.9,4.2,4.2,10.1,14.99,3.19,86,95.0,217.0,1026.97,59.6,118.5,261.1,0,0.0
2026-07-22,Kalimantan Utara,0.0,0.0,30.9,23.8,23.2,23.2,9.7,15.68,3.27,88,83.0,217.0,906.35,77.6,99.10000000000001,260.0,0,0.0
2026-07-23,Kalimantan Utara,0.0,0.0,32.6,23.3,7.4,7.4,12.8,20.39,4.16,87,44.0,215.0,385.71000000000004,62.9,102.19999999999999,266.4,0,2.0
2026-07-24,Kalimantan Utara,2.0,4.550000000000001,33.3,23.5,4.3,4.3,13.0,20.23,4.45,81,46.0,199.0,390.26,58.5,105.7,269.4,0,35.0
2026-07-25,Kalimantan Utara,35.0,103.85,32.8,25.1,1.5,1.5,11.5,19.75,4.51,77,51.0,198.0,185.19,54.3,106.60000000000001,264.9,0,23.0
2026-07-26,Kalimantan Utara,23.0,216.16,31.7,23.5,8.8,8.8,13.0,20.45,4.16,84,66.0,212.0,348.24,53.9,110.0,267.8,0,0.0
2026-07-27,Kalimantan Utara,0.0,0.0,30.0,23.5,4.6,4.6,10.9,12.42,2.75,86,64.0,190.0,341.15999999999997,54.0,111.0,260.5,0,41.0
2026-07-28,Kalimantan Utara,41.0,336.49,32.8,24.4,1.8,1.8,14.6,22.7,4.89,78,101.0,196.0,661.05,51.599999999999994,111.19999999999999,258.90000000000003,0,0.0
2026-07-29,Kalimantan Utara,0.0,0.0,30.1,22.7,30.7,30.7,10.9,19.43,3.83,90,101.0,184.0,661.05,59.099999999999994,136.7,287.9,0,7.0
2026-07-30,Kalimantan Utara,7.0,39.55,32.3,23.8,3.2,3.2,10.9,22.3,4.74,79,108.0,152.0,700.5999999999999,54.9,117.8,277.2,0,49.0
2026-07-31,Kalimantan Utara,49.0,538.09,31.6,24.0,2.6,2.6,11.8,22.18,4.78,79,155.0,201.0,1234.1399999999999,53.199999999999996,111.69999999999999,272.7,0,64.0
2026-08-01,Kalimantan Utara,64.0,445.3,32.6,23.7,2.8,2.8,14.5,22.6,4.95,78,184.0,235.0,1575.5900000000001,54.49999999999999,108.79999999999998,269.8,0,110.0
2026-08-02,Kalimantan Utara,110.0,1156.39,32.4,25.3,3.3,3.3,15.3,22.33,4.87,78,271.0,337.0,2515.82,49.0,102.9,263.9,0,78.0
2026-08-03,Kalimantan Utara,78.0,1041.48,32.9,24.0,4.0,4.0,12.5,21.75,4.76,80,349.0,413.0,3557.3,48.4,102.4,266.29999999999995,0,103.0
2026-08-04,Kalimantan Utara,103.0,1309.18,33.0,23.5,4.1,4.1,13.3,22.99,5.13,78,411.0,512.0,4529.990000000001,50.7,102.3,265.4,0,153.0
2026-08-05,Kalimantan Utara,153.0,1595.86,32.6,23.7,8.3,8.3,16.0,22.44,4.76,81,564.0,665.0,6125.85,28.3,87.39999999999999,268.7,0,190.0
2026-08-06,Kalimantan Utara,190.0,2133.1,33.4,23.6,4.1,4.1,12.7,22.47,4.92,80,747.0,855.0,8219.4,29.200000000000003,84.10000000000001,233.20000000000002,0,174.0
2026-08-07,Kalimantan Utara,174.0,3488.38,33.4,23.8,2.2,2.2,13.5,22.01,4.83,79,872.0,1027.0,11169.69,28.8,81.99999999999999,192.79999999999998,0,205.0
2026-08-08,Kalimantan Utara,205.0,2665.19,33.3,24.5,3.2,3.2,10.8,21.64,4.83,77,1013.0,1197.0,13389.580000000002,29.2,83.69999999999999,191.70000000000002,0,140.0
2026-08-09,Kalimantan Utara,140.0,748.56,34.2,25.4,1.6,1.6,11.9,22.6,5.19,75,1043.0,1314.0,12981.75,27.500000000000004,76.5,192.5,0,348.0
2026-08-10,Kalimantan Utara,348.0,2986.46,33.9,25.0,1.5,1.5,13.4,22.81,5.35,71,1313.0,1662.0,14926.73,25.0,73.4,193.4,0,297.0
2026-08-11,Kalimantan Utara,297.0,2925.5099999999998,33.8,24.6,4.3,4.3,12.4,22.71,5.11,77,1507.0,1918.0,16543.059999999998,25.200000000000003,75.9,192.29999999999998,0,272.0
2026-08-12,Kalimantan Utara,272.0,2311.96,33.3,24.7,3.2,3.2,12.9,22.77,4.95,82,1626.0,2190.0,17259.16,20.1,48.4,191.9,0,468.0
2026-08-13,Kalimantan Utara,468.0,5380.1,34.4,25.9,2.1,2.1,15.1,22.33,5.06,79,1904.0,2651.0,20506.16,18.099999999999998,47.3,192.4,0,340.0
2026-08-14,Kalimantan Utara,340.0,3732.44,33.0,25.8,3.1,3.1,12.6,22.65,5.02,80,2070.0,2942.0,20750.22,19.0,47.800000000000004,190.29999999999998,0,331.0
2026-08-15,Kalimantan Utara,331.0,4148.24,33.5,23.6,6.7,6.7,14.7,22.18,4.8,82,2196.0,3209.0,22233.27,22.5,51.7,174.9,0,95.0
2026-08-16,Kalimantan Utara,95.0,943.92,33.1,24.1,5.0,5.0,12.1,22.31,4.81,79,2151.0,3194.0,22428.629999999997,25.9,53.400000000000006,171.20000000000002,0,286.0
2026-08-17,Kalimantan Utara,286.0,3372.01,33.7,25.1,1.2,1.2,10.0,21.41,4.64,81,2089.0,3402.0,22814.18,25.599999999999998,50.6,166.7,0,748.0
2026-08-18,Kalimantan Utara,748.0,8217.81,34.5,25.5,1.6,1.6,14.1,22.99,5.25,77,2540.0,4047.0,28106.479999999996,22.9,48.1,159.1,0,750.0
2026-08-19,Kalimantan Utara,750.0,8087.47,32.3,25.4,3.2,3.2,12.2,22.89,5.04,77,3018.0,4644.0,33881.99,22.9,43.0,157.8,0,628.0
2026-08-20,Kalimantan Utara,628.0,7178.06,33.3,23.9,8.7,8.7,14.5,23.26,5.04,80,3178.0,5082.0,35679.95,29.5,47.6,162.29999999999998,0,455.0
2026-08-21,Kalimantan Utara,455.0,4994.99,32.4,23.7,2.5,2.5,12.1,22.85,4.87,82,3293.0,5363.0,36942.5,28.9,47.9,141.6,0,376.0
2026-08-22,Kalimantan Utara,376.0,2632.01,32.6,25.5,2.8,2.8,11.3,22.33,4.87,79,3338.0,5534.0,35426.270000000004,25.0,47.5,137.0,0,313.0
2026-08-23,Kalimantan Utara,313.0,4906.65,33.3,24.0,12.1,12.1,12.3,23.05,5.02,81,3556.0,5707.0,39389.0,32.099999999999994,58.0,144.8,0,95.0
2026-08-24,Kalimantan Utara,95.0,1746.3700000000001,33.9,24.3,4.3,4.3,11.0,23.56,5.08,81,3365.0,5454.0,37763.36,35.199999999999996,60.8,147.6,0,230.0
2026-08-25,Kalimantan Utara,230.0,2022.69,34.1,24.9,15.0,15.0,11.9,21.49,4.45,87,2847.0,5387.0,31568.24,48.599999999999994,71.5,153.79999999999998,0,90.0
2026-08-26,Kalimantan Utara,90.0,718.3100000000001,31.9,23.9,4.8,4.8,11.2,21.02,4.51,81,2187.0,5205.0,24199.08,50.199999999999996,73.1,154.0,0,279.0
2026-08-27,Kalimantan Utara,279.0,2529.28,32.8,23.9,14.5,14.5,9.8,22.23,4.58,86,1838.0,5016.0,19550.3,56.0,85.5,166.7,0,309.0
2026-08-28,Kalimantan Utara,309.0,3319.35,33.8,24.8,1.7,1.7,15.7,21.75,4.86,79,1692.0,4985.0,17874.66,55.2,84.10000000000001,137.7,0,1206.0
2026-08-29,Kalimantan Utara,1206.0,16704.38,33.8,24.6,0.0,0.0,13.2,24.57,5.5,76,2522.0,5860.0,31947.03,52.400000000000006,77.4,134.5,1,253.0
